
	{
		"cobDate": "2018-04-10T00:00:00.000Z",
		"nettingPortfolio": "CBNANY-1001209023-27",
		"gfcId": "1001209023",
		"obligor": "PUERTO RICO MUNICIPAL FINANCE AGENCY",
		"countryOfRisk": "PR",
		"source": "G_10",
		"region": "NAM",
		"underlyingBusinessUnit": "Municipal Securities - NRF [L6]_NAM_MAIN",
		"lvid": "00002",
		"lvidName": "Citibank NA",
		"reportingLvid": "00002",
		"reportingLvidName": "Citibank NA",
		"uinid": "OHNMSCR2ZTR",
		"agreementId": "",
		"securityAgreement": "",
		"currency": "USD",
		"productType": "CVA",
		"value": 0,
		"postingFirmAccount": "MUNHN03C",
		"resolvedBusinessUnit": "Municipal Securities - NRF [L6]_NAM_MAIN",
		"shelf": "",
		"mnemonic": "",
		"extension": ""
	}
