 {
    "agreementId": "143418",
    "cobDate": "2017-12-21T00:00:00.000Z",
    "countryOfRisk": "FR",
    "currency": "USD",
    "extension": "F",
    "gfcId": "1011649153",
    "lvid": "06500",
    "lvidName": "Citigroup Global Markets Limited",
    "mnemonic": "AMUND551",
    "nettingPortfolio": "CGML-02-AMUND551-F-23",
    "obligor": "AMUNDI - L2648 RSI INFLATION",
    "postingFirmAccount": "RATCE002",
    "productType": "CVA",
    "region": "EMEA",
    "reportingLvid": "",
    "reportingLvidName": "",
    "resolvedBusinessUnit": "G10 Rates MT Fin [L5]_EMEA_OOS",
    "securityAgreement": "CSA_UK_BISA_REG_VM",
    "shelf": "02",
    "source": "G_10",
    "uinid": "xxxxx",
    "underlyingBusinessUnit": "G10 Rates MT Fin [L5]_EMEA_SECURED",
    "value": 26416.512782,
    "underlyingExposure" : [34008.714183, 38637.054214, 45228.331960, 42962.272233],
    "underlyingExposureProfileDays" : [0,1,13,27]
  },
  {
    "agreementId": "143418",
    "cobDate": "2017-12-21T00:00:00.000Z",
    "countryOfRisk": "FR",
    "currency": "USD",
    "extension": "F",
    "gfcId": "1011649153",
    "lvid": "06500",
    "lvidName": "Citigroup Global Markets Limited",
    "mnemonic": "AMUND551",
    "nettingPortfolio": "CGML-02-AMUND551-F-23",
    "obligor": "AMUNDI - L2648 RSI INFLATION",
    "postingFirmAccount": "RATCE002",
    "productType": "DVA",
    "region": "EMEA",
    "reportingLvid": "",
    "reportingLvidName": "",
    "resolvedBusinessUnit": "G10 Rates MT Fin [L5]_EMEA_OOS",
    "securityAgreement": "CSA_UK_BISA_REG_VM",
    "shelf": "02",
    "source": "G_10",
    "uinid": "fffff",
    "underlyingBusinessUnit": "G10 Rates MT Fin [L5]_EMEA_SECURED",
    "value": -22222,
    "underlyingExposure": [-29314.251463,-33666.663828, -43799.837961, -45089.481726],
    "underlyingExposureProfileDays" : [0,1,13,27]
  }