<soap:Envelope xmlns:soap="http://schemas.xmlsoap.org/soap/envelope/">
    <soap:Header>
        <wsa:Action xmlns:wsa="http://www.w3.org/2005/08/addressing" xmlns:wsu="http://docs.oasis-open.org/wss/2004/01/oasis-200401-wss-wssecurity-utility-1.0.xsd" wsu:Id="iGaRK9DRJBVYwgEEd3KEoW4KktO8">http://docs.oasis-open.org/ws-sx/ws-trust/200512/RST/Issue</wsa:Action>
        <wsse:Security xmlns:wsse="http://docs.oasis-open.org/wss/2004/01/oasis-200401-wss-wssecurity-secext-1.0.xsd" soap:mustUnderstand="1">
            <wsu:Timestamp xmlns:wsu="http://docs.oasis-open.org/wss/2004/01/oasis-200401-wss-wssecurity-utility-1.0.xsd" wsu:Id="${wsuIdForTimestamp}">
                <wsu:Created>${createTimeStampe}</wsu:Created>
                <wsu:Expires>${expireTimeStampe}</wsu:Expires>
            </wsu:Timestamp>
            <wsse:BinarySecurityToken xmlns:wsu="http://docs.oasis-open.org/wss/2004/01/oasis-200401-wss-wssecurity-utility-1.0.xsd"
                                      EncodingType="http://docs.oasis-open.org/wss/2004/01/oasis-200401-wss-soap-message-security-1.0#Base64Binary"
                                      ValueType="urn:pingidentity:wam"
                                      wsu:Id="${wsuIdForToken}">
                ${binarySecurityToken}
            </wsse:BinarySecurityToken>
        </wsse:Security>
    </soap:Header>
    <soap:Body xmlns:wsu="http://docs.oasis-open.org/wss/2004/01/oasis-200401-wss-wssecurity-utility-1.0.xsd" wsu:Id="${wsuIdForBody}">
        <wst:RequestSecurityToken xmlns:wst="http://docs.oasis-open.org/ws-sx/ws-trust/200512/">
            <wst:RequestType>http://docs.oasis-open.org/ws-sx/ws-trust/200512/Issue</wst:RequestType>
            <wsp:AppliesTo xmlns:wsp="http://schemas.xmlsoap.org/ws/2004/09/policy">
                <wsa:EndpointReference xmlns:wsa="http://www.w3.org/2005/08/addressing">
                    <wsa:Address>${address}</wsa:Address>
                </wsa:EndpointReference>
            </wsp:AppliesTo>
            <wst:OnBehalfOf>
                <wsse:SecurityTokenReference xmlns:wsse="http://docs.oasis-open.org/wss/2004/01/oasis-200401-wss-wssecurity-secext-1.0.xsd">
                    <wsse:Reference URI="#${uriForReference}" ValueType="urn:pingidentity:wam"/>
                </wsse:SecurityTokenReference>
            </wst:OnBehalfOf>
        </wst:RequestSecurityToken>
    </soap:Body>
</soap:Envelope>
