<?xml version="1.0" encoding="UTF-8"?>
<beans xmlns:xsi="http://www.w3.org/2001/XMLSchema-instance"
       xmlns:tx="http://www.springframework.org/schema/tx"
       xmlns="http://www.springframework.org/schema/beans"
       xsi:schemaLocation="http://www.springframework.org/schema/beans
	   		http://www.springframework.org/schema/beans/spring-beans.xsd
			 http://www.springframework.org/schema/tx
			 http://www.springframework.org/schema/tx/spring-tx.xsd">
<bean id="cyberArc" class="com.citi.aqua.cba.data.cyberarc.CyberArcFactory"
		init-method="init" />

	
			 
	<bean id="vendorProperties"
		class="org.springframework.beans.factory.config.PropertiesFactoryBean">
		<property name="properties">
			<props>
				<prop key="SQL Server">sqlserver</prop>
				<prop key="DB2">db2</prop>
				<prop key="Oracle">oracle</prop>
				<prop key="MySQL">mysql</prop>
				<prop key="H2">h2</prop>
			</props>
		</property>
	</bean>

	<bean id="futureDatabaseIdProvider" class="org.apache.ibatis.mapping.VendorDatabaseIdProvider">
		<property name="properties" ref="vendorProperties" />
	</bean>

    <bean id="futureSqlSessionFactory" class="org.mybatis.spring.SqlSessionFactoryBean">
        <property name="dataSource" ref="futureDataSource"/>
        <property name="databaseIdProvider" ref="futureDatabaseIdProvider" />
        <property name="typeAliasesPackage" value="com.citi.aqua.cba.model"/>
    </bean>

    <bean id="futureSQLTemplate" class="org.mybatis.spring.SqlSessionTemplate">
        <constructor-arg index="0" ref="futureSqlSessionFactory"/>
    </bean>

    <bean class="org.mybatis.spring.mapper.MapperScannerConfigurer">
        <property name="basePackage" value="com.citi.aqua.cba.data.mapper.future"/>
        <property name="sqlSessionFactoryBeanName" value="futureSqlSessionFactory"/>
    </bean>
    
    <bean id="futureTransactionManager" class="org.springframework.jdbc.datasource.DataSourceTransactionManager">
        <property name="dataSource" ref="futureDataSource"/>
    </bean>

    <tx:annotation-driven transaction-manager="futureTransactionManager"/>		
			 
</beans>