<?xml version="1.0" encoding="UTF-8"?>
<beans xmlns:xsi="http://www.w3.org/2001/XMLSchema-instance"
	xmlns:tx="http://www.springframework.org/schema/tx" xmlns="http://www.springframework.org/schema/beans"
	xsi:schemaLocation="http://www.springframework.org/schema/beans
	   		http://www.springframework.org/schema/beans/spring-beans.xsd
			 http://www.springframework.org/schema/tx
			 http://www.springframework.org/schema/tx/spring-tx.xsd">


	<bean id="cyberArc" class="com.citi.aqua.cba.data.cyberarc.CyberArcFactory"
		init-method="init" />

	<!-- <bean id="pnlDataSource" class="com.jolbox.bonecp.BoneCPDataSource"
		destroy-method="close" depends-on="cyberArc">
		<property name="driverClass" value="${pnl.datasource.driverClassName}" />
		<property name="jdbcUrl" value="${pnl.datasource.url}" />
		<property name="user" value="${pnl.datasource.username}"/> <property 
			name="password" value="${pnl.datasource.password}"/>
		<property name="user" value="#{cyberArc.nonCoreUsername}" />
		<property name="password" value="#{cyberArc.nonCorePwd}" />
	</bean> -->

	<bean id="vendorProperties"
		class="org.springframework.beans.factory.config.PropertiesFactoryBean">
		<property name="properties">
			<props>
				<prop key="SQL Server">sqlserver</prop>
				<prop key="DB2">db2</prop>
				<prop key="Oracle">oracle</prop>
				<prop key="MySQL">mysql</prop>
				<prop key="H2">h2</prop>
			</props>
		</property>
	</bean>

	<bean id="pnlDatabaseIdProvider" class="org.apache.ibatis.mapping.VendorDatabaseIdProvider">
		<property name="properties" ref="vendorProperties" />
	</bean>

	<bean id="pnlSqlSessionFactory" class="org.mybatis.spring.SqlSessionFactoryBean">
		<property name="dataSource" ref="pnlDataSource" />
		<property name="databaseIdProvider" ref="pnlDatabaseIdProvider" />
		<property name="typeAliasesPackage" value="com.citi.aqua.cba.model" />
	</bean>

	<bean id="pnlSQLTemplate" class="org.mybatis.spring.SqlSessionTemplate">
		<constructor-arg index="0" ref="pnlSqlSessionFactory" />
	</bean>

	<bean class="org.mybatis.spring.mapper.MapperScannerConfigurer">
		<property name="basePackage" value="com.citi.aqua.cba.data.mapper.pnl" />
		<property name="sqlSessionFactoryBeanName" value="pnlSqlSessionFactory" />
	</bean>

	<bean id="pnlTransactionManager"
		class="org.springframework.jdbc.datasource.DataSourceTransactionManager">
		<property name="dataSource" ref="pnlDataSource" />
	</bean>

	<tx:annotation-driven transaction-manager="pnlTransactionManager" />

</beans>