<?xml version="1.0" encoding="UTF-8"?>
<beans xmlns:xsi="http://www.w3.org/2001/XMLSchema-instance"
       xmlns:tx="http://www.springframework.org/schema/tx"
       xmlns="http://www.springframework.org/schema/beans"
       xsi:schemaLocation="http://www.springframework.org/schema/beans
	   		http://www.springframework.org/schema/beans/spring-beans.xsd
			 http://www.springframework.org/schema/tx
			 http://www.springframework.org/schema/tx/spring-tx.xsd">

   <bean id="cyberArc" class="com.citi.aqua.cba.data.cyberarc.CyberArcFactory"
		init-method="init" />

 
    <!-- Initialization for data source -->
   <!--  <bean id="ewsDataSource"
          class="com.jolbox.bonecp.BoneCPDataSource" destroy-method="close">
        <property name="driverClass" value="${ews.datasource.driverClassName}"/>
        <property name="jdbcUrl" value="${ews.datasource.url}"/>
        <property name="user" value="${ews.datasource.username}"/>
        <property name="password" value="${ews.datasource.password}"/>
    </bean> -->

	<bean id="vendorProperties"
		class="org.springframework.beans.factory.config.PropertiesFactoryBean">
		<property name="properties">
			<props>
				<prop key="SQL Server">sqlserver</prop>
				<prop key="DB2">db2</prop>
				<prop key="Oracle">oracle</prop>
				<prop key="MySQL">mysql</prop>
				<prop key="H2">h2</prop>
			</props>
		</property>
	</bean>

	<bean id="ewsDatabaseIdProvider" class="org.apache.ibatis.mapping.VendorDatabaseIdProvider">
		<property name="properties" ref="vendorProperties" />
	</bean>
	
    <bean id="ewsSqlSessionFactory" class="org.mybatis.spring.SqlSessionFactoryBean">
        <property name="dataSource" ref="ewsDataSource"/>
        <property name="databaseIdProvider" ref="ewsDatabaseIdProvider" />
        <property name="typeAliasesPackage" value="com.citi.aqua.cba.data.domain.cba"/>
        
    </bean>

    <bean id="ewsSQLTemplate" class="org.mybatis.spring.SqlSessionTemplate">
        <constructor-arg index="0" ref="ewsSqlSessionFactory"/>

    </bean>

    <bean class="org.mybatis.spring.mapper.MapperScannerConfigurer">
        <property name="basePackage" value="com.citi.aqua.cba.data.mapper.cba"/>
        <property name="sqlSessionFactoryBeanName" value="ewsSqlSessionFactory"/>
    </bean>

    <bean id="ewsTransactionManager" class="org.springframework.jdbc.datasource.DataSourceTransactionManager">
        <property name="dataSource" ref="ewsDataSource"/>
    </bean>

    <tx:annotation-driven transaction-manager="ewsTransactionManager"/>

</beans>