[{"_comment":"Data courtesy of Gapminder.org", "year":1955,"fertility":7.7,"life_expect":30.332,"n_fertility":7.7,"n_life_expect":31.997,"country":"Afghanistan"},{"year":1960,"fertility":7.7,"life_expect":31.997,"p_fertility":7.7,"n_fertility":7.7,"p_life_expect":30.332,"n_life_expect":34.02,"country":"Afghanistan"},{"year":1965,"fertility":7.7,"life_expect":34.02,"p_fertility":7.7,"n_fertility":7.7,"p_life_expect":31.997,"n_life_expect":36.088,"country":"Afghanistan"},{"year":1970,"fertility":7.7,"life_expect":36.088,"p_fertility":7.7,"n_fertility":7.7,"p_life_expect":34.02,"n_life_expect":38.438,"country":"Afghanistan"},{"year":1975,"fertility":7.7,"life_expect":38.438,"p_fertility":7.7,"n_fertility":7.8,"p_life_expect":36.088,"n_life_expect":39.854,"country":"Afghanistan"},{"year":1980,"fertility":7.8,"life_expect":39.854,"p_fertility":7.7,"n_fertility":7.9,"p_life_expect":38.438,"n_life_expect":40.822,"country":"Afghanistan"},{"year":1985,"fertility":7.9,"life_expect":40.822,"p_fertility":7.8,"n_fertility":8,"p_life_expect":39.854,"n_life_expect":41.674,"country":"Afghanistan"},{"year":1990,"fertility":8,"life_expect":41.674,"p_fertility":7.9,"n_fertility":8,"p_life_expect":40.822,"n_life_expect":41.763,"country":"Afghanistan"},{"year":1995,"fertility":8,"life_expect":41.763,"p_fertility":8,"n_fertility":7.4792,"p_life_expect":41.674,"n_life_expect":42.129,"country":"Afghanistan"},{"year":2000,"fertility":7.4792,"life_expect":42.129,"p_fertility":8,"p_life_expect":41.763,"country":"Afghanistan"},{"year":1955,"fertility":3.1265,"life_expect":64.399,"n_fertility":3.0895,"n_life_expect":65.142,"country":"Argentina"},{"year":1960,"fertility":3.0895,"life_expect":65.142,"p_fertility":3.1265,"n_fertility":3.049,"p_life_expect":64.399,"n_life_expect":65.634,"country":"Argentina"},{"year":1965,"fertility":3.049,"life_expect":65.634,"p_fertility":3.0895,"n_fertility":3.1455,"p_life_expect":65.142,"n_life_expect":67.065,"country":"Argentina"},{"year":1970,"fertility":3.1455,"life_expect":67.065,"p_fertility":3.049,"n_fertility":3.44,"p_life_expect":65.634,"n_life_expect":68.481,"country":"Argentina"},{"year":1975,"fertility":3.44,"life_expect":68.481,"p_fertility":3.1455,"n_fertility":3.15,"p_life_expect":67.065,"n_life_expect":69.942,"country":"Argentina"},{"year":1980,"fertility":3.15,"life_expect":69.942,"p_fertility":3.44,"n_fertility":3.053,"p_life_expect":68.481,"n_life_expect":70.774,"country":"Argentina"},{"year":1985,"fertility":3.053,"life_expect":70.774,"p_fertility":3.15,"n_fertility":2.9,"p_life_expect":69.942,"n_life_expect":71.868,"country":"Argentina"},{"year":1990,"fertility":2.9,"life_expect":71.868,"p_fertility":3.053,"n_fertility":2.63,"p_life_expect":70.774,"n_life_expect":73.275,"country":"Argentina"},{"year":1995,"fertility":2.63,"life_expect":73.275,"p_fertility":2.9,"n_fertility":2.35,"p_life_expect":71.868,"n_life_expect":74.34,"country":"Argentina"},{"year":2000,"fertility":2.35,"life_expect":74.34,"p_fertility":2.63,"p_life_expect":73.275,"country":"Argentina"},{"year":1955,"fertility":5.15,"life_expect":64.381,"n_fertility":4.399,"n_life_expect":66.606,"country":"Aruba"},{"year":1960,"fertility":4.399,"life_expect":66.606,"p_fertility":5.15,"n_fertility":3.301,"p_life_expect":64.381,"n_life_expect":68.336,"country":"Aruba"},{"year":1965,"fertility":3.301,"life_expect":68.336,"p_fertility":4.399,"n_fertility":2.651,"p_life_expect":66.606,"n_life_expect":70.941,"country":"Aruba"},{"year":1970,"fertility":2.651,"life_expect":70.941,"p_fertility":3.301,"n_fertility":2.45,"p_life_expect":68.336,"n_life_expect":71.83,"country":"Aruba"},{"year":1975,"fertility":2.45,"life_expect":71.83,"p_fertility":2.651,"n_fertility":2.358,"p_life_expect":70.941,"n_life_expect":74.116,"country":"Aruba"},{"year":1980,"fertility":2.358,"life_expect":74.116,"p_fertility":2.45,"n_fertility":2.3,"p_life_expect":71.83,"n_life_expect":74.494,"country":"Aruba"},{"year":1985,"fertility":2.3,"life_expect":74.494,"p_fertility":2.358,"n_fertility":2.28,"p_life_expect":74.116,"n_life_expect":74.108,"country":"Aruba"},{"year":1990,"fertility":2.28,"life_expect":74.108,"p_fertility":2.3,"n_fertility":2.208,"p_life_expect":74.494,"n_life_expect":73.011,"country":"Aruba"},{"year":1995,"fertility":2.208,"life_expect":73.011,"p_fertility":2.28,"n_fertility":2.124,"p_life_expect":74.108,"n_life_expect":73.451,"country":"Aruba"},{"year":2000,"fertility":2.124,"life_expect":73.451,"p_fertility":2.208,"p_life_expect":73.011,"country":"Aruba"},{"year":1955,"fertility":3.406,"life_expect":70.33,"n_fertility":3.274,"n_life_expect":70.93,"country":"Australia"},{"year":1960,"fertility":3.274,"life_expect":70.93,"p_fertility":3.406,"n_fertility":2.871,"p_life_expect":70.33,"n_life_expect":71.1,"country":"Australia"},{"year":1965,"fertility":2.871,"life_expect":71.1,"p_fertility":3.274,"n_fertility":2.535,"p_life_expect":70.93,"n_life_expect":71.93,"country":"Australia"},{"year":1970,"fertility":2.535,"life_expect":71.93,"p_fertility":2.871,"n_fertility":1.989,"p_life_expect":71.1,"n_life_expect":73.49,"country":"Australia"},{"year":1975,"fertility":1.989,"life_expect":73.49,"p_fertility":2.535,"n_fertility":1.907,"p_life_expect":71.93,"n_life_expect":74.74,"country":"Australia"},{"year":1980,"fertility":1.907,"life_expect":74.74,"p_fertility":1.989,"n_fertility":1.859,"p_life_expect":73.49,"n_life_expect":76.32,"country":"Australia"},{"year":1985,"fertility":1.859,"life_expect":76.32,"p_fertility":1.907,"n_fertility":1.86,"p_life_expect":74.74,"n_life_expect":77.56,"country":"Australia"},{"year":1990,"fertility":1.86,"life_expect":77.56,"p_fertility":1.859,"n_fertility":1.776,"p_life_expect":76.32,"n_life_expect":78.83,"country":"Australia"},{"year":1995,"fertility":1.776,"life_expect":78.83,"p_fertility":1.86,"n_fertility":1.756,"p_life_expect":77.56,"n_life_expect":80.37,"country":"Australia"},{"year":2000,"fertility":1.756,"life_expect":80.37,"p_fertility":1.776,"p_life_expect":78.83,"country":"Australia"},{"year":1955,"fertility":2.52,"life_expect":67.48,"n_fertility":2.78,"n_life_expect":69.54,"country":"Austria"},{"year":1960,"fertility":2.78,"life_expect":69.54,"p_fertility":2.52,"n_fertility":2.53,"p_life_expect":67.48,"n_life_expect":70.14,"country":"Austria"},{"year":1965,"fertility":2.53,"life_expect":70.14,"p_fertility":2.78,"n_fertility":2.02,"p_life_expect":69.54,"n_life_expect":70.63,"country":"Austria"},{"year":1970,"fertility":2.02,"life_expect":70.63,"p_fertility":2.53,"n_fertility":1.64,"p_life_expect":70.14,"n_life_expect":72.17,"country":"Austria"},{"year":1975,"fertility":1.64,"life_expect":72.17,"p_fertility":2.02,"n_fertility":1.62,"p_life_expect":70.63,"n_life_expect":73.18,"country":"Austria"},{"year":1980,"fertility":1.62,"life_expect":73.18,"p_fertility":1.64,"n_fertility":1.45,"p_life_expect":72.17,"n_life_expect":74.94,"country":"Austria"},{"year":1985,"fertility":1.45,"life_expect":74.94,"p_fertility":1.62,"n_fertility":1.47,"p_life_expect":73.18,"n_life_expect":76.04,"country":"Austria"},{"year":1990,"fertility":1.47,"life_expect":76.04,"p_fertility":1.45,"n_fertility":1.388,"p_life_expect":74.94,"n_life_expect":77.51,"country":"Austria"},{"year":1995,"fertility":1.388,"life_expect":77.51,"p_fertility":1.47,"n_fertility":1.382,"p_life_expect":76.04,"n_life_expect":78.98,"country":"Austria"},{"year":2000,"fertility":1.382,"life_expect":78.98,"p_fertility":1.388,"p_life_expect":77.51,"country":"Austria"},{"year":1955,"fertility":4.305,"life_expect":62.405,"n_fertility":4.503,"n_life_expect":64.209,"country":"Bahamas"},{"year":1960,"fertility":4.503,"life_expect":64.209,"p_fertility":4.305,"n_fertility":3.794,"p_life_expect":62.405,"n_life_expect":65.795,"country":"Bahamas"},{"year":1965,"fertility":3.794,"life_expect":65.795,"p_fertility":4.503,"n_fertility":3.444,"p_life_expect":64.209,"n_life_expect":66.515,"country":"Bahamas"},{"year":1970,"fertility":3.444,"life_expect":66.515,"p_fertility":3.794,"n_fertility":3.221,"p_life_expect":65.795,"n_life_expect":67.199,"country":"Bahamas"},{"year":1975,"fertility":3.221,"life_expect":67.199,"p_fertility":3.444,"n_fertility":3.16,"p_life_expect":66.515,"n_life_expect":67.874,"country":"Bahamas"},{"year":1980,"fertility":3.16,"life_expect":67.874,"p_fertility":3.221,"n_fertility":2.62,"p_life_expect":67.199,"n_life_expect":69.524,"country":"Bahamas"},{"year":1985,"fertility":2.62,"life_expect":69.524,"p_fertility":3.16,"n_fertility":2.6,"p_life_expect":67.874,"n_life_expect":69.171,"country":"Bahamas"},{"year":1990,"fertility":2.6,"life_expect":69.171,"p_fertility":2.62,"n_fertility":2.4,"p_life_expect":69.524,"n_life_expect":68.472,"country":"Bahamas"},{"year":1995,"fertility":2.4,"life_expect":68.472,"p_fertility":2.6,"n_fertility":2.1111,"p_life_expect":69.171,"n_life_expect":71.068,"country":"Bahamas"},{"year":2000,"fertility":2.1111,"life_expect":71.068,"p_fertility":2.4,"p_life_expect":68.472,"country":"Bahamas"},{"year":1955,"fertility":6.76,"life_expect":39.348,"n_fertility":6.85,"n_life_expect":41.216,"country":"Bangladesh"},{"year":1960,"fertility":6.85,"life_expect":41.216,"p_fertility":6.76,"n_fertility":6.6,"p_life_expect":39.348,"n_life_expect":43.453,"country":"Bangladesh"},{"year":1965,"fertility":6.6,"life_expect":43.453,"p_fertility":6.85,"n_fertility":6.15,"p_life_expect":41.216,"n_life_expect":45.252,"country":"Bangladesh"},{"year":1970,"fertility":6.15,"life_expect":45.252,"p_fertility":6.6,"n_fertility":5.6,"p_life_expect":43.453,"n_life_expect":46.923,"country":"Bangladesh"},{"year":1975,"fertility":5.6,"life_expect":46.923,"p_fertility":6.15,"n_fertility":5.25,"p_life_expect":45.252,"n_life_expect":50.009,"country":"Bangladesh"},{"year":1980,"fertility":5.25,"life_expect":50.009,"p_fertility":5.6,"n_fertility":4.629,"p_life_expect":46.923,"n_life_expect":52.819,"country":"Bangladesh"},{"year":1985,"fertility":4.629,"life_expect":52.819,"p_fertility":5.25,"n_fertility":4.117,"p_life_expect":50.009,"n_life_expect":56.018,"country":"Bangladesh"},{"year":1990,"fertility":4.117,"life_expect":56.018,"p_fertility":4.629,"n_fertility":3.5043,"p_life_expect":52.819,"n_life_expect":59.412,"country":"Bangladesh"},{"year":1995,"fertility":3.5043,"life_expect":59.412,"p_fertility":4.117,"n_fertility":3.224,"p_life_expect":56.018,"n_life_expect":62.013,"country":"Bangladesh"},{"year":2000,"fertility":3.224,"life_expect":62.013,"p_fertility":3.5043,"p_life_expect":59.412,"country":"Bangladesh"},{"year":1955,"fertility":4.67,"life_expect":62.57,"n_fertility":4.26,"n_life_expect":65.87,"country":"Barbados"},{"year":1960,"fertility":4.26,"life_expect":65.87,"p_fertility":4.67,"n_fertility":3.45,"p_life_expect":62.57,"n_life_expect":67.62,"country":"Barbados"},{"year":1965,"fertility":3.45,"life_expect":67.62,"p_fertility":4.26,"n_fertility":2.74,"p_life_expect":65.87,"n_life_expect":69.42,"country":"Barbados"},{"year":1970,"fertility":2.74,"life_expect":69.42,"p_fertility":3.45,"n_fertility":2.19,"p_life_expect":67.62,"n_life_expect":71.27,"country":"Barbados"},{"year":1975,"fertility":2.19,"life_expect":71.27,"p_fertility":2.74,"n_fertility":1.92,"p_life_expect":69.42,"n_life_expect":72.695,"country":"Barbados"},{"year":1980,"fertility":1.92,"life_expect":72.695,"p_fertility":2.19,"n_fertility":1.75,"p_life_expect":71.27,"n_life_expect":74.027,"country":"Barbados"},{"year":1985,"fertility":1.75,"life_expect":74.027,"p_fertility":1.92,"n_fertility":1.6,"p_life_expect":72.695,"n_life_expect":74.894,"country":"Barbados"},{"year":1990,"fertility":1.6,"life_expect":74.894,"p_fertility":1.75,"n_fertility":1.5,"p_life_expect":74.027,"n_life_expect":74.912,"country":"Barbados"},{"year":1995,"fertility":1.5,"life_expect":74.912,"p_fertility":1.6,"n_fertility":1.5,"p_life_expect":74.894,"n_life_expect":75.97,"country":"Barbados"},{"year":2000,"fertility":1.5,"life_expect":75.97,"p_fertility":1.5,"p_life_expect":74.912,"country":"Barbados"},{"year":1955,"fertility":2.496,"life_expect":69.24,"n_fertility":2.644,"n_life_expect":70.25,"country":"Belgium"},{"year":1960,"fertility":2.644,"life_expect":70.25,"p_fertility":2.496,"n_fertility":2.392,"p_life_expect":69.24,"n_life_expect":70.94,"country":"Belgium"},{"year":1965,"fertility":2.392,"life_expect":70.94,"p_fertility":2.644,"n_fertility":2.015,"p_life_expect":70.25,"n_life_expect":71.44,"country":"Belgium"},{"year":1970,"fertility":2.015,"life_expect":71.44,"p_fertility":2.392,"n_fertility":1.705,"p_life_expect":70.94,"n_life_expect":72.8,"country":"Belgium"},{"year":1975,"fertility":1.705,"life_expect":72.8,"p_fertility":2.015,"n_fertility":1.595,"p_life_expect":71.44,"n_life_expect":73.93,"country":"Belgium"},{"year":1980,"fertility":1.595,"life_expect":73.93,"p_fertility":1.705,"n_fertility":1.559,"p_life_expect":72.8,"n_life_expect":75.35,"country":"Belgium"},{"year":1985,"fertility":1.559,"life_expect":75.35,"p_fertility":1.595,"n_fertility":1.613,"p_life_expect":73.93,"n_life_expect":76.46,"country":"Belgium"},{"year":1990,"fertility":1.613,"life_expect":76.46,"p_fertility":1.559,"n_fertility":1.604,"p_life_expect":75.35,"n_life_expect":77.53,"country":"Belgium"},{"year":1995,"fertility":1.604,"life_expect":77.53,"p_fertility":1.613,"n_fertility":1.638,"p_life_expect":76.46,"n_life_expect":78.32,"country":"Belgium"},{"year":2000,"fertility":1.638,"life_expect":78.32,"p_fertility":1.604,"p_life_expect":77.53,"country":"Belgium"},{"year":1955,"fertility":6.75,"life_expect":41.89,"n_fertility":6.63,"n_life_expect":43.428,"country":"Bolivia"},{"year":1960,"fertility":6.63,"life_expect":43.428,"p_fertility":6.75,"n_fertility":6.56,"p_life_expect":41.89,"n_life_expect":45.032,"country":"Bolivia"},{"year":1965,"fertility":6.56,"life_expect":45.032,"p_fertility":6.63,"n_fertility":6.5,"p_life_expect":43.428,"n_life_expect":46.714,"country":"Bolivia"},{"year":1970,"fertility":6.5,"life_expect":46.714,"p_fertility":6.56,"n_fertility":5.8,"p_life_expect":45.032,"n_life_expect":50.023,"country":"Bolivia"},{"year":1975,"fertility":5.8,"life_expect":50.023,"p_fertility":6.5,"n_fertility":5.2995,"p_life_expect":46.714,"n_life_expect":53.859,"country":"Bolivia"},{"year":1980,"fertility":5.2995,"life_expect":53.859,"p_fertility":5.8,"n_fertility":5,"p_life_expect":50.023,"n_life_expect":57.251,"country":"Bolivia"},{"year":1985,"fertility":5,"life_expect":57.251,"p_fertility":5.2995,"n_fertility":4.8,"p_life_expect":53.859,"n_life_expect":59.957,"country":"Bolivia"},{"year":1990,"fertility":4.8,"life_expect":59.957,"p_fertility":5,"n_fertility":4.324,"p_life_expect":57.251,"n_life_expect":62.05,"country":"Bolivia"},{"year":1995,"fertility":4.324,"life_expect":62.05,"p_fertility":4.8,"n_fertility":3.9585,"p_life_expect":59.957,"n_life_expect":63.883,"country":"Bolivia"},{"year":2000,"fertility":3.9585,"life_expect":63.883,"p_fertility":4.324,"p_life_expect":62.05,"country":"Bolivia"},{"year":1955,"fertility":6.1501,"life_expect":53.285,"n_fertility":6.1501,"n_life_expect":55.665,"country":"Brazil"},{"year":1960,"fertility":6.1501,"life_expect":55.665,"p_fertility":6.1501,"n_fertility":5.38,"p_life_expect":53.285,"n_life_expect":57.632,"country":"Brazil"},{"year":1965,"fertility":5.38,"life_expect":57.632,"p_fertility":6.1501,"n_fertility":4.7175,"p_life_expect":55.665,"n_life_expect":59.504,"country":"Brazil"},{"year":1970,"fertility":4.7175,"life_expect":59.504,"p_fertility":5.38,"n_fertility":4.305,"p_life_expect":57.632,"n_life_expect":61.489,"country":"Brazil"},{"year":1975,"fertility":4.305,"life_expect":61.489,"p_fertility":4.7175,"n_fertility":3.8,"p_life_expect":59.504,"n_life_expect":63.336,"country":"Brazil"},{"year":1980,"fertility":3.8,"life_expect":63.336,"p_fertility":4.305,"n_fertility":3.1,"p_life_expect":61.489,"n_life_expect":65.205,"country":"Brazil"},{"year":1985,"fertility":3.1,"life_expect":65.205,"p_fertility":3.8,"n_fertility":2.6,"p_life_expect":63.336,"n_life_expect":67.057,"country":"Brazil"},{"year":1990,"fertility":2.6,"life_expect":67.057,"p_fertility":3.1,"n_fertility":2.45,"p_life_expect":65.205,"n_life_expect":69.388,"country":"Brazil"},{"year":1995,"fertility":2.45,"life_expect":69.388,"p_fertility":2.6,"n_fertility":2.345,"p_life_expect":67.057,"n_life_expect":71.006,"country":"Brazil"},{"year":2000,"fertility":2.345,"life_expect":71.006,"p_fertility":2.45,"p_life_expect":69.388,"country":"Brazil"},{"year":1955,"fertility":3.882,"life_expect":69.96,"n_fertility":3.675,"n_life_expect":71.3,"country":"Canada"},{"year":1960,"fertility":3.675,"life_expect":71.3,"p_fertility":3.882,"n_fertility":2.61,"p_life_expect":69.96,"n_life_expect":72.13,"country":"Canada"},{"year":1965,"fertility":2.61,"life_expect":72.13,"p_fertility":3.675,"n_fertility":1.976,"p_life_expect":71.3,"n_life_expect":72.88,"country":"Canada"},{"year":1970,"fertility":1.976,"life_expect":72.88,"p_fertility":2.61,"n_fertility":1.734,"p_life_expect":72.13,"n_life_expect":74.21,"country":"Canada"},{"year":1975,"fertility":1.734,"life_expect":74.21,"p_fertility":1.976,"n_fertility":1.634,"p_life_expect":72.88,"n_life_expect":75.76,"country":"Canada"},{"year":1980,"fertility":1.634,"life_expect":75.76,"p_fertility":1.734,"n_fertility":1.616,"p_life_expect":74.21,"n_life_expect":76.86,"country":"Canada"},{"year":1985,"fertility":1.616,"life_expect":76.86,"p_fertility":1.634,"n_fertility":1.694,"p_life_expect":75.76,"n_life_expect":77.95,"country":"Canada"},{"year":1990,"fertility":1.694,"life_expect":77.95,"p_fertility":1.616,"n_fertility":1.564,"p_life_expect":76.86,"n_life_expect":78.61,"country":"Canada"},{"year":1995,"fertility":1.564,"life_expect":78.61,"p_fertility":1.694,"n_fertility":1.522,"p_life_expect":77.95,"n_life_expect":79.77,"country":"Canada"},{"year":2000,"fertility":1.522,"life_expect":79.77,"p_fertility":1.564,"p_life_expect":78.61,"country":"Canada"},{"year":1955,"fertility":5.486,"life_expect":56.074,"n_fertility":5.4385,"n_life_expect":57.924,"country":"Chile"},{"year":1960,"fertility":5.4385,"life_expect":57.924,"p_fertility":5.486,"n_fertility":4.4405,"p_life_expect":56.074,"n_life_expect":60.523,"country":"Chile"},{"year":1965,"fertility":4.4405,"life_expect":60.523,"p_fertility":5.4385,"n_fertility":3.63,"p_life_expect":57.924,"n_life_expect":63.441,"country":"Chile"},{"year":1970,"fertility":3.63,"life_expect":63.441,"p_fertility":4.4405,"n_fertility":2.803,"p_life_expect":60.523,"n_life_expect":67.052,"country":"Chile"},{"year":1975,"fertility":2.803,"life_expect":67.052,"p_fertility":3.63,"n_fertility":2.671,"p_life_expect":63.441,"n_life_expect":70.565,"country":"Chile"},{"year":1980,"fertility":2.671,"life_expect":70.565,"p_fertility":2.803,"n_fertility":2.65,"p_life_expect":67.052,"n_life_expect":72.492,"country":"Chile"},{"year":1985,"fertility":2.65,"life_expect":72.492,"p_fertility":2.671,"n_fertility":2.55,"p_life_expect":70.565,"n_life_expect":74.126,"country":"Chile"},{"year":1990,"fertility":2.55,"life_expect":74.126,"p_fertility":2.65,"n_fertility":2.21,"p_life_expect":72.492,"n_life_expect":75.816,"country":"Chile"},{"year":1995,"fertility":2.21,"life_expect":75.816,"p_fertility":2.55,"n_fertility":2,"p_life_expect":74.126,"n_life_expect":77.86,"country":"Chile"},{"year":2000,"fertility":2,"life_expect":77.86,"p_fertility":2.21,"p_life_expect":75.816,"country":"Chile"},{"year":1955,"fertility":5.59,"life_expect":50.54896,"n_fertility":5.72,"n_life_expect":44.50136,"country":"China"},{"year":1960,"fertility":5.72,"life_expect":44.50136,"p_fertility":5.59,"n_fertility":6.06,"p_life_expect":50.54896,"n_life_expect":58.38112,"country":"China"},{"year":1965,"fertility":6.06,"life_expect":58.38112,"p_fertility":5.72,"n_fertility":4.86,"p_life_expect":44.50136,"n_life_expect":63.11888,"country":"China"},{"year":1970,"fertility":4.86,"life_expect":63.11888,"p_fertility":6.06,"n_fertility":3.32,"p_life_expect":58.38112,"n_life_expect":63.96736,"country":"China"},{"year":1975,"fertility":3.32,"life_expect":63.96736,"p_fertility":4.86,"n_fertility":2.55,"p_life_expect":63.11888,"n_life_expect":65.525,"country":"China"},{"year":1980,"fertility":2.55,"life_expect":65.525,"p_fertility":3.32,"n_fertility":2.46,"p_life_expect":63.96736,"n_life_expect":67.274,"country":"China"},{"year":1985,"fertility":2.46,"life_expect":67.274,"p_fertility":2.55,"n_fertility":1.92,"p_life_expect":65.525,"n_life_expect":68.69,"country":"China"},{"year":1990,"fertility":1.92,"life_expect":68.69,"p_fertility":2.46,"n_fertility":1.781,"p_life_expect":67.274,"n_life_expect":70.426,"country":"China"},{"year":1995,"fertility":1.781,"life_expect":70.426,"p_fertility":1.92,"n_fertility":1.7,"p_life_expect":68.69,"n_life_expect":72.028,"country":"China"},{"year":2000,"fertility":1.7,"life_expect":72.028,"p_fertility":1.781,"p_life_expect":70.426,"country":"China"},{"year":1955,"fertility":6.76,"life_expect":55.118,"n_fertility":6.76,"n_life_expect":57.863,"country":"Colombia"},{"year":1960,"fertility":6.76,"life_expect":57.863,"p_fertility":6.76,"n_fertility":6.18,"p_life_expect":55.118,"n_life_expect":59.963,"country":"Colombia"},{"year":1965,"fertility":6.18,"life_expect":59.963,"p_fertility":6.76,"n_fertility":5.0005,"p_life_expect":57.863,"n_life_expect":61.623,"country":"Colombia"},{"year":1970,"fertility":5.0005,"life_expect":61.623,"p_fertility":6.18,"n_fertility":4.3385,"p_life_expect":59.963,"n_life_expect":63.837,"country":"Colombia"},{"year":1975,"fertility":4.3385,"life_expect":63.837,"p_fertility":5.0005,"n_fertility":3.685,"p_life_expect":61.623,"n_life_expect":66.653,"country":"Colombia"},{"year":1980,"fertility":3.685,"life_expect":66.653,"p_fertility":4.3385,"n_fertility":3.172,"p_life_expect":63.837,"n_life_expect":67.768,"country":"Colombia"},{"year":1985,"fertility":3.172,"life_expect":67.768,"p_fertility":3.685,"n_fertility":2.93005,"p_life_expect":66.653,"n_life_expect":68.421,"country":"Colombia"},{"year":1990,"fertility":2.93005,"life_expect":68.421,"p_fertility":3.172,"n_fertility":2.7,"p_life_expect":67.768,"n_life_expect":70.313,"country":"Colombia"},{"year":1995,"fertility":2.7,"life_expect":70.313,"p_fertility":2.93005,"n_fertility":2.4705,"p_life_expect":68.421,"n_life_expect":71.682,"country":"Colombia"},{"year":2000,"fertility":2.4705,"life_expect":71.682,"p_fertility":2.7,"p_life_expect":70.313,"country":"Colombia"},{"year":1955,"fertility":7.1135,"life_expect":60.026,"n_fertility":7.2245,"n_life_expect":62.842,"country":"Costa Rica"},{"year":1960,"fertility":7.2245,"life_expect":62.842,"p_fertility":7.1135,"n_fertility":5.801,"p_life_expect":60.026,"n_life_expect":65.424,"country":"Costa Rica"},{"year":1965,"fertility":5.801,"life_expect":65.424,"p_fertility":7.2245,"n_fertility":4.346,"p_life_expect":62.842,"n_life_expect":67.849,"country":"Costa Rica"},{"year":1970,"fertility":4.346,"life_expect":67.849,"p_fertility":5.801,"n_fertility":3.7755,"p_life_expect":65.424,"n_life_expect":70.75,"country":"Costa Rica"},{"year":1975,"fertility":3.7755,"life_expect":70.75,"p_fertility":4.346,"n_fertility":3.527,"p_life_expect":67.849,"n_life_expect":73.45,"country":"Costa Rica"},{"year":1980,"fertility":3.527,"life_expect":73.45,"p_fertility":3.7755,"n_fertility":3.374,"p_life_expect":70.75,"n_life_expect":74.752,"country":"Costa Rica"},{"year":1985,"fertility":3.374,"life_expect":74.752,"p_fertility":3.527,"n_fertility":2.945,"p_life_expect":73.45,"n_life_expect":75.713,"country":"Costa Rica"},{"year":1990,"fertility":2.945,"life_expect":75.713,"p_fertility":3.374,"n_fertility":2.5835,"p_life_expect":74.752,"n_life_expect":77.26,"country":"Costa Rica"},{"year":1995,"fertility":2.5835,"life_expect":77.26,"p_fertility":2.945,"n_fertility":2.2815,"p_life_expect":75.713,"n_life_expect":78.123,"country":"Costa Rica"},{"year":2000,"fertility":2.2815,"life_expect":78.123,"p_fertility":2.5835,"p_life_expect":77.26,"country":"Costa Rica"},{"year":1955,"fertility":2.42,"life_expect":64.77,"n_fertility":2.27,"n_life_expect":67.13,"country":"Croatia"},{"year":1960,"fertility":2.27,"life_expect":67.13,"p_fertility":2.42,"n_fertility":2.09,"p_life_expect":64.77,"n_life_expect":68.5,"country":"Croatia"},{"year":1965,"fertility":2.09,"life_expect":68.5,"p_fertility":2.27,"n_fertility":1.96,"p_life_expect":67.13,"n_life_expect":69.61,"country":"Croatia"},{"year":1970,"fertility":1.96,"life_expect":69.61,"p_fertility":2.09,"n_fertility":2.02,"p_life_expect":68.5,"n_life_expect":70.64,"country":"Croatia"},{"year":1975,"fertility":2.02,"life_expect":70.64,"p_fertility":1.96,"n_fertility":1.96,"p_life_expect":69.61,"n_life_expect":70.46,"country":"Croatia"},{"year":1980,"fertility":1.96,"life_expect":70.46,"p_fertility":2.02,"n_fertility":1.84,"p_life_expect":70.64,"n_life_expect":71.52,"country":"Croatia"},{"year":1985,"fertility":1.84,"life_expect":71.52,"p_fertility":1.96,"n_fertility":1.52,"p_life_expect":70.46,"n_life_expect":72.527,"country":"Croatia"},{"year":1990,"fertility":1.52,"life_expect":72.527,"p_fertility":1.84,"n_fertility":1.537,"p_life_expect":71.52,"n_life_expect":73.68,"country":"Croatia"},{"year":1995,"fertility":1.537,"life_expect":73.68,"p_fertility":1.52,"n_fertility":1.348,"p_life_expect":72.527,"n_life_expect":74.876,"country":"Croatia"},{"year":2000,"fertility":1.348,"life_expect":74.876,"p_fertility":1.537,"p_life_expect":73.68,"country":"Croatia"},{"year":1955,"fertility":3.6995,"life_expect":62.325,"n_fertility":4.6805,"n_life_expect":65.246,"country":"Cuba"},{"year":1960,"fertility":4.6805,"life_expect":65.246,"p_fertility":3.6995,"n_fertility":4.3,"p_life_expect":62.325,"n_life_expect":68.29,"country":"Cuba"},{"year":1965,"fertility":4.3,"life_expect":68.29,"p_fertility":4.6805,"n_fertility":3.6,"p_life_expect":65.246,"n_life_expect":70.723,"country":"Cuba"},{"year":1970,"fertility":3.6,"life_expect":70.723,"p_fertility":4.3,"n_fertility":2.15,"p_life_expect":68.29,"n_life_expect":72.649,"country":"Cuba"},{"year":1975,"fertility":2.15,"life_expect":72.649,"p_fertility":3.6,"n_fertility":1.8495,"p_life_expect":70.723,"n_life_expect":73.717,"country":"Cuba"},{"year":1980,"fertility":1.8495,"life_expect":73.717,"p_fertility":2.15,"n_fertility":1.8495,"p_life_expect":72.649,"n_life_expect":74.174,"country":"Cuba"},{"year":1985,"fertility":1.8495,"life_expect":74.174,"p_fertility":1.8495,"n_fertility":1.6505,"p_life_expect":73.717,"n_life_expect":74.414,"country":"Cuba"},{"year":1990,"fertility":1.6505,"life_expect":74.414,"p_fertility":1.8495,"n_fertility":1.6095,"p_life_expect":74.174,"n_life_expect":76.151,"country":"Cuba"},{"year":1995,"fertility":1.6095,"life_expect":76.151,"p_fertility":1.6505,"n_fertility":1.63,"p_life_expect":74.414,"n_life_expect":77.158,"country":"Cuba"},{"year":2000,"fertility":1.63,"life_expect":77.158,"p_fertility":1.6095,"p_life_expect":76.151,"country":"Cuba"},{"year":1955,"fertility":7.6405,"life_expect":49.828,"n_fertility":7.3505,"n_life_expect":53.459,"country":"Dominican Republic"},{"year":1960,"fertility":7.3505,"life_expect":53.459,"p_fertility":7.6405,"n_fertility":6.6495,"p_life_expect":49.828,"n_life_expect":56.751,"country":"Dominican Republic"},{"year":1965,"fertility":6.6495,"life_expect":56.751,"p_fertility":7.3505,"n_fertility":5.71,"p_life_expect":53.459,"n_life_expect":59.631,"country":"Dominican Republic"},{"year":1970,"fertility":5.71,"life_expect":59.631,"p_fertility":6.6495,"n_fertility":4.76,"p_life_expect":56.751,"n_life_expect":61.788,"country":"Dominican Republic"},{"year":1975,"fertility":4.76,"life_expect":61.788,"p_fertility":5.71,"n_fertility":4,"p_life_expect":59.631,"n_life_expect":63.727,"country":"Dominican Republic"},{"year":1980,"fertility":4,"life_expect":63.727,"p_fertility":4.76,"n_fertility":3.47,"p_life_expect":61.788,"n_life_expect":66.046,"country":"Dominican Republic"},{"year":1985,"fertility":3.47,"life_expect":66.046,"p_fertility":4,"n_fertility":3.1995,"p_life_expect":63.727,"n_life_expect":68.457,"country":"Dominican Republic"},{"year":1990,"fertility":3.1995,"life_expect":68.457,"p_fertility":3.47,"n_fertility":3.05,"p_life_expect":66.046,"n_life_expect":69.957,"country":"Dominican Republic"},{"year":1995,"fertility":3.05,"life_expect":69.957,"p_fertility":3.1995,"n_fertility":2.95,"p_life_expect":68.457,"n_life_expect":70.847,"country":"Dominican Republic"},{"year":2000,"fertility":2.95,"life_expect":70.847,"p_fertility":3.05,"p_life_expect":69.957,"country":"Dominican Republic"},{"year":1955,"fertility":6.7,"life_expect":51.356,"n_fertility":6.7,"n_life_expect":54.64,"country":"Ecuador"},{"year":1960,"fertility":6.7,"life_expect":54.64,"p_fertility":6.7,"n_fertility":6.5,"p_life_expect":51.356,"n_life_expect":56.678,"country":"Ecuador"},{"year":1965,"fertility":6.5,"life_expect":56.678,"p_fertility":6.7,"n_fertility":6.0005,"p_life_expect":54.64,"n_life_expect":58.796,"country":"Ecuador"},{"year":1970,"fertility":6.0005,"life_expect":58.796,"p_fertility":6.5,"n_fertility":5.4005,"p_life_expect":56.678,"n_life_expect":61.31,"country":"Ecuador"},{"year":1975,"fertility":5.4005,"life_expect":61.31,"p_fertility":6.0005,"n_fertility":4.7005,"p_life_expect":58.796,"n_life_expect":64.342,"country":"Ecuador"},{"year":1980,"fertility":4.7005,"life_expect":64.342,"p_fertility":5.4005,"n_fertility":4,"p_life_expect":61.31,"n_life_expect":67.231,"country":"Ecuador"},{"year":1985,"fertility":4,"life_expect":67.231,"p_fertility":4.7005,"n_fertility":3.4005,"p_life_expect":64.342,"n_life_expect":69.613,"country":"Ecuador"},{"year":1990,"fertility":3.4005,"life_expect":69.613,"p_fertility":4,"n_fertility":3.1,"p_life_expect":67.231,"n_life_expect":72.312,"country":"Ecuador"},{"year":1995,"fertility":3.1,"life_expect":72.312,"p_fertility":3.4005,"n_fertility":2.8175,"p_life_expect":69.613,"n_life_expect":74.173,"country":"Ecuador"},{"year":2000,"fertility":2.8175,"life_expect":74.173,"p_fertility":3.1,"p_life_expect":72.312,"country":"Ecuador"},{"year":1955,"fertility":6.97,"life_expect":44.444,"n_fertility":7.073,"n_life_expect":46.992,"country":"Egypt"},{"year":1960,"fertility":7.073,"life_expect":46.992,"p_fertility":6.97,"n_fertility":6.56,"p_life_expect":44.444,"n_life_expect":49.293,"country":"Egypt"},{"year":1965,"fertility":6.56,"life_expect":49.293,"p_fertility":7.073,"n_fertility":5.855,"p_life_expect":46.992,"n_life_expect":51.137,"country":"Egypt"},{"year":1970,"fertility":5.855,"life_expect":51.137,"p_fertility":6.56,"n_fertility":5.609,"p_life_expect":49.293,"n_life_expect":53.319,"country":"Egypt"},{"year":1975,"fertility":5.609,"life_expect":53.319,"p_fertility":5.855,"n_fertility":5.332,"p_life_expect":51.137,"n_life_expect":56.006,"country":"Egypt"},{"year":1980,"fertility":5.332,"life_expect":56.006,"p_fertility":5.609,"n_fertility":4.833,"p_life_expect":53.319,"n_life_expect":59.797,"country":"Egypt"},{"year":1985,"fertility":4.833,"life_expect":59.797,"p_fertility":5.332,"n_fertility":3.908,"p_life_expect":56.006,"n_life_expect":63.674,"country":"Egypt"},{"year":1990,"fertility":3.908,"life_expect":63.674,"p_fertility":4.833,"n_fertility":3.5,"p_life_expect":59.797,"n_life_expect":67.217,"country":"Egypt"},{"year":1995,"fertility":3.5,"life_expect":67.217,"p_fertility":3.908,"n_fertility":3.174,"p_life_expect":63.674,"n_life_expect":69.806,"country":"Egypt"},{"year":2000,"fertility":3.174,"life_expect":69.806,"p_fertility":3.5,"p_life_expect":67.217,"country":"Egypt"},{"year":1955,"fertility":6.8065,"life_expect":48.57,"n_fertility":6.847,"n_life_expect":52.307,"country":"El Salvador"},{"year":1960,"fertility":6.847,"life_expect":52.307,"p_fertility":6.8065,"n_fertility":6.621,"p_life_expect":48.57,"n_life_expect":55.855,"country":"El Salvador"},{"year":1965,"fertility":6.621,"life_expect":55.855,"p_fertility":6.847,"n_fertility":6.0995,"p_life_expect":52.307,"n_life_expect":58.207,"country":"El Salvador"},{"year":1970,"fertility":6.0995,"life_expect":58.207,"p_fertility":6.621,"n_fertility":5.5996,"p_life_expect":55.855,"n_life_expect":56.696,"country":"El Salvador"},{"year":1975,"fertility":5.5996,"life_expect":56.696,"p_fertility":6.0995,"n_fertility":4.5,"p_life_expect":58.207,"n_life_expect":56.604,"country":"El Salvador"},{"year":1980,"fertility":4.5,"life_expect":56.604,"p_fertility":5.5996,"n_fertility":3.901,"p_life_expect":56.696,"n_life_expect":63.154,"country":"El Salvador"},{"year":1985,"fertility":3.901,"life_expect":63.154,"p_fertility":4.5,"n_fertility":3.52,"p_life_expect":56.604,"n_life_expect":66.798,"country":"El Salvador"},{"year":1990,"fertility":3.52,"life_expect":66.798,"p_fertility":3.901,"n_fertility":3.17,"p_life_expect":63.154,"n_life_expect":69.535,"country":"El Salvador"},{"year":1995,"fertility":3.17,"life_expect":69.535,"p_fertility":3.52,"n_fertility":2.883,"p_life_expect":66.798,"n_life_expect":70.734,"country":"El Salvador"},{"year":2000,"fertility":2.883,"life_expect":70.734,"p_fertility":3.17,"p_life_expect":69.535,"country":"El Salvador"},{"year":1955,"fertility":2.769,"life_expect":67.49,"n_fertility":2.66,"n_life_expect":68.75,"country":"Finland"},{"year":1960,"fertility":2.66,"life_expect":68.75,"p_fertility":2.769,"n_fertility":2.191,"p_life_expect":67.49,"n_life_expect":69.83,"country":"Finland"},{"year":1965,"fertility":2.191,"life_expect":69.83,"p_fertility":2.66,"n_fertility":1.623,"p_life_expect":68.75,"n_life_expect":70.87,"country":"Finland"},{"year":1970,"fertility":1.623,"life_expect":70.87,"p_fertility":2.191,"n_fertility":1.663,"p_life_expect":69.83,"n_life_expect":72.52,"country":"Finland"},{"year":1975,"fertility":1.663,"life_expect":72.52,"p_fertility":1.623,"n_fertility":1.685,"p_life_expect":70.87,"n_life_expect":74.55,"country":"Finland"},{"year":1980,"fertility":1.685,"life_expect":74.55,"p_fertility":1.663,"n_fertility":1.66,"p_life_expect":72.52,"n_life_expect":74.83,"country":"Finland"},{"year":1985,"fertility":1.66,"life_expect":74.83,"p_fertility":1.685,"n_fertility":1.819,"p_life_expect":74.55,"n_life_expect":75.7,"country":"Finland"},{"year":1990,"fertility":1.819,"life_expect":75.7,"p_fertility":1.66,"n_fertility":1.743,"p_life_expect":74.83,"n_life_expect":77.13,"country":"Finland"},{"year":1995,"fertility":1.743,"life_expect":77.13,"p_fertility":1.819,"n_fertility":1.754,"p_life_expect":75.7,"n_life_expect":78.37,"country":"Finland"},{"year":2000,"fertility":1.754,"life_expect":78.37,"p_fertility":1.743,"p_life_expect":77.13,"country":"Finland"},{"year":1955,"fertility":2.712,"life_expect":68.93,"n_fertility":2.85,"n_life_expect":70.51,"country":"France"},{"year":1960,"fertility":2.85,"life_expect":70.51,"p_fertility":2.712,"n_fertility":2.607,"p_life_expect":68.93,"n_life_expect":71.55,"country":"France"},{"year":1965,"fertility":2.607,"life_expect":71.55,"p_fertility":2.85,"n_fertility":2.31,"p_life_expect":70.51,"n_life_expect":72.38,"country":"France"},{"year":1970,"fertility":2.31,"life_expect":72.38,"p_fertility":2.607,"n_fertility":1.862,"p_life_expect":71.55,"n_life_expect":73.83,"country":"France"},{"year":1975,"fertility":1.862,"life_expect":73.83,"p_fertility":2.31,"n_fertility":1.866,"p_life_expect":72.38,"n_life_expect":74.89,"country":"France"},{"year":1980,"fertility":1.866,"life_expect":74.89,"p_fertility":1.862,"n_fertility":1.805,"p_life_expect":73.83,"n_life_expect":76.34,"country":"France"},{"year":1985,"fertility":1.805,"life_expect":76.34,"p_fertility":1.866,"n_fertility":1.713,"p_life_expect":74.89,"n_life_expect":77.46,"country":"France"},{"year":1990,"fertility":1.713,"life_expect":77.46,"p_fertility":1.805,"n_fertility":1.7624,"p_life_expect":76.34,"n_life_expect":78.64,"country":"France"},{"year":1995,"fertility":1.7624,"life_expect":78.64,"p_fertility":1.713,"n_fertility":1.8833,"p_life_expect":77.46,"n_life_expect":79.59,"country":"France"},{"year":2000,"fertility":1.8833,"life_expect":79.59,"p_fertility":1.7624,"p_life_expect":78.64,"country":"France"},{"year":1955,"fertility":2.909,"life_expect":62.625,"n_fertility":2.979,"n_life_expect":64.644,"country":"Georgia"},{"year":1960,"fertility":2.979,"life_expect":64.644,"p_fertility":2.909,"n_fertility":2.611,"p_life_expect":62.625,"n_life_expect":66.654,"country":"Georgia"},{"year":1965,"fertility":2.611,"life_expect":66.654,"p_fertility":2.979,"n_fertility":2.601,"p_life_expect":64.644,"n_life_expect":68.158,"country":"Georgia"},{"year":1970,"fertility":2.601,"life_expect":68.158,"p_fertility":2.611,"n_fertility":2.39,"p_life_expect":66.654,"n_life_expect":69.634,"country":"Georgia"},{"year":1975,"fertility":2.39,"life_expect":69.634,"p_fertility":2.601,"n_fertility":2.269,"p_life_expect":68.158,"n_life_expect":69.638,"country":"Georgia"},{"year":1980,"fertility":2.269,"life_expect":69.638,"p_fertility":2.39,"n_fertility":2.263,"p_life_expect":69.634,"n_life_expect":70.45,"country":"Georgia"},{"year":1985,"fertility":2.263,"life_expect":70.45,"p_fertility":2.269,"n_fertility":1.95,"p_life_expect":69.638,"n_life_expect":70.465,"country":"Georgia"},{"year":1990,"fertility":1.95,"life_expect":70.465,"p_fertility":2.263,"n_fertility":1.58,"p_life_expect":70.45,"n_life_expect":70.49,"country":"Georgia"},{"year":1995,"fertility":1.58,"life_expect":70.49,"p_fertility":1.95,"n_fertility":1.478,"p_life_expect":70.465,"n_life_expect":70.476,"country":"Georgia"},{"year":2000,"fertility":1.478,"life_expect":70.476,"p_fertility":1.58,"p_life_expect":70.49,"country":"Georgia"},{"year":1955,"fertility":2.3,"life_expect":69.1,"n_fertility":2.49,"n_life_expect":70.3,"country":"Germany"},{"year":1960,"fertility":2.49,"life_expect":70.3,"p_fertility":2.3,"n_fertility":2.32,"p_life_expect":69.1,"n_life_expect":70.8,"country":"Germany"},{"year":1965,"fertility":2.32,"life_expect":70.8,"p_fertility":2.49,"n_fertility":1.64,"p_life_expect":70.3,"n_life_expect":71,"country":"Germany"},{"year":1970,"fertility":1.64,"life_expect":71,"p_fertility":2.32,"n_fertility":1.52,"p_life_expect":70.8,"n_life_expect":72.5,"country":"Germany"},{"year":1975,"fertility":1.52,"life_expect":72.5,"p_fertility":1.64,"n_fertility":1.46,"p_life_expect":71,"n_life_expect":73.8,"country":"Germany"},{"year":1980,"fertility":1.46,"life_expect":73.8,"p_fertility":1.52,"n_fertility":1.43,"p_life_expect":72.5,"n_life_expect":74.847,"country":"Germany"},{"year":1985,"fertility":1.43,"life_expect":74.847,"p_fertility":1.46,"n_fertility":1.31,"p_life_expect":73.8,"n_life_expect":76.07,"country":"Germany"},{"year":1990,"fertility":1.31,"life_expect":76.07,"p_fertility":1.43,"n_fertility":1.34,"p_life_expect":74.847,"n_life_expect":77.34,"country":"Germany"},{"year":1995,"fertility":1.34,"life_expect":77.34,"p_fertility":1.31,"n_fertility":1.346,"p_life_expect":76.07,"n_life_expect":78.67,"country":"Germany"},{"year":2000,"fertility":1.346,"life_expect":78.67,"p_fertility":1.34,"p_life_expect":77.34,"country":"Germany"},{"year":1955,"fertility":2.27,"life_expect":67.86,"n_fertility":2.2,"n_life_expect":69.51,"country":"Greece"},{"year":1960,"fertility":2.2,"life_expect":69.51,"p_fertility":2.27,"n_fertility":2.38,"p_life_expect":67.86,"n_life_expect":71,"country":"Greece"},{"year":1965,"fertility":2.38,"life_expect":71,"p_fertility":2.2,"n_fertility":2.32,"p_life_expect":69.51,"n_life_expect":72.34,"country":"Greece"},{"year":1970,"fertility":2.32,"life_expect":72.34,"p_fertility":2.38,"n_fertility":2.32,"p_life_expect":71,"n_life_expect":73.68,"country":"Greece"},{"year":1975,"fertility":2.32,"life_expect":73.68,"p_fertility":2.32,"n_fertility":1.96,"p_life_expect":72.34,"n_life_expect":75.24,"country":"Greece"},{"year":1980,"fertility":1.96,"life_expect":75.24,"p_fertility":2.32,"n_fertility":1.53,"p_life_expect":73.68,"n_life_expect":76.67,"country":"Greece"},{"year":1985,"fertility":1.53,"life_expect":76.67,"p_fertility":1.96,"n_fertility":1.37,"p_life_expect":75.24,"n_life_expect":77.03,"country":"Greece"},{"year":1990,"fertility":1.37,"life_expect":77.03,"p_fertility":1.53,"n_fertility":1.296,"p_life_expect":76.67,"n_life_expect":77.869,"country":"Greece"},{"year":1995,"fertility":1.296,"life_expect":77.869,"p_fertility":1.37,"n_fertility":1.277,"p_life_expect":77.03,"n_life_expect":78.256,"country":"Greece"},{"year":2000,"fertility":1.277,"life_expect":78.256,"p_fertility":1.296,"p_life_expect":77.869,"country":"Greece"},{"year":1955,"fertility":6.7,"life_expect":63.114,"n_fertility":6.4,"n_life_expect":63.608,"country":"Grenada"},{"year":1960,"fertility":6.4,"life_expect":63.608,"p_fertility":6.7,"n_fertility":4.8,"p_life_expect":63.114,"n_life_expect":64.091,"country":"Grenada"},{"year":1965,"fertility":4.8,"life_expect":64.091,"p_fertility":6.4,"n_fertility":4.6,"p_life_expect":63.608,"n_life_expect":64.577,"country":"Grenada"},{"year":1970,"fertility":4.6,"life_expect":64.577,"p_fertility":4.8,"n_fertility":4.3,"p_life_expect":64.091,"n_life_expect":65.035,"country":"Grenada"},{"year":1975,"fertility":4.3,"life_expect":65.035,"p_fertility":4.6,"n_fertility":4.23,"p_life_expect":64.577,"n_life_expect":65.503,"country":"Grenada"},{"year":1980,"fertility":4.23,"life_expect":65.503,"p_fertility":4.3,"n_fertility":4.14,"p_life_expect":65.035,"n_life_expect":66.002,"country":"Grenada"},{"year":1985,"fertility":4.14,"life_expect":66.002,"p_fertility":4.23,"n_fertility":3.26,"p_life_expect":65.503,"n_life_expect":66.469,"country":"Grenada"},{"year":1990,"fertility":3.26,"life_expect":66.469,"p_fertility":4.14,"n_fertility":2.814,"p_life_expect":66.002,"n_life_expect":66.986,"country":"Grenada"},{"year":1995,"fertility":2.814,"life_expect":66.986,"p_fertility":3.26,"n_fertility":2.429,"p_life_expect":66.469,"n_life_expect":67.746,"country":"Grenada"},{"year":2000,"fertility":2.429,"life_expect":67.746,"p_fertility":2.814,"p_life_expect":66.986,"country":"Grenada"},{"year":1955,"fertility":6.3,"life_expect":40.696,"n_fertility":6.3,"n_life_expect":43.59,"country":"Haiti"},{"year":1960,"fertility":6.3,"life_expect":43.59,"p_fertility":6.3,"n_fertility":6,"p_life_expect":40.696,"n_life_expect":46.243,"country":"Haiti"},{"year":1965,"fertility":6,"life_expect":46.243,"p_fertility":6.3,"n_fertility":5.6005,"p_life_expect":43.59,"n_life_expect":48.042,"country":"Haiti"},{"year":1970,"fertility":5.6005,"life_expect":48.042,"p_fertility":6,"n_fertility":5.8,"p_life_expect":46.243,"n_life_expect":49.923,"country":"Haiti"},{"year":1975,"fertility":5.8,"life_expect":49.923,"p_fertility":5.6005,"n_fertility":6.2099,"p_life_expect":48.042,"n_life_expect":51.461,"country":"Haiti"},{"year":1980,"fertility":6.2099,"life_expect":51.461,"p_fertility":5.8,"n_fertility":5.69985,"p_life_expect":49.923,"n_life_expect":53.636,"country":"Haiti"},{"year":1985,"fertility":5.69985,"life_expect":53.636,"p_fertility":6.2099,"n_fertility":5.14985,"p_life_expect":51.461,"n_life_expect":55.089,"country":"Haiti"},{"year":1990,"fertility":5.14985,"life_expect":55.089,"p_fertility":5.69985,"n_fertility":4.61995,"p_life_expect":53.636,"n_life_expect":56.671,"country":"Haiti"},{"year":1995,"fertility":4.61995,"life_expect":56.671,"p_fertility":5.14985,"n_fertility":4,"p_life_expect":55.089,"n_life_expect":58.137,"country":"Haiti"},{"year":2000,"fertility":4,"life_expect":58.137,"p_fertility":4.61995,"p_life_expect":56.671,"country":"Haiti"},{"year":1955,"fertility":4.72,"life_expect":64.75,"n_fertility":5.31,"n_life_expect":67.65,"country":"Hong Kong"},{"year":1960,"fertility":5.31,"life_expect":67.65,"p_fertility":4.72,"n_fertility":4.02,"p_life_expect":64.75,"n_life_expect":70,"country":"Hong Kong"},{"year":1965,"fertility":4.02,"life_expect":70,"p_fertility":5.31,"n_fertility":2.89,"p_life_expect":67.65,"n_life_expect":72,"country":"Hong Kong"},{"year":1970,"fertility":2.89,"life_expect":72,"p_fertility":4.02,"n_fertility":2.32,"p_life_expect":70,"n_life_expect":73.6,"country":"Hong Kong"},{"year":1975,"fertility":2.32,"life_expect":73.6,"p_fertility":2.89,"n_fertility":1.8,"p_life_expect":72,"n_life_expect":75.45,"country":"Hong Kong"},{"year":1980,"fertility":1.8,"life_expect":75.45,"p_fertility":2.32,"n_fertility":1.31,"p_life_expect":73.6,"n_life_expect":76.2,"country":"Hong Kong"},{"year":1985,"fertility":1.31,"life_expect":76.2,"p_fertility":1.8,"n_fertility":1.288,"p_life_expect":75.45,"n_life_expect":77.601,"country":"Hong Kong"},{"year":1990,"fertility":1.288,"life_expect":77.601,"p_fertility":1.31,"n_fertility":1.08,"p_life_expect":76.2,"n_life_expect":80,"country":"Hong Kong"},{"year":1995,"fertility":1.08,"life_expect":80,"p_fertility":1.288,"n_fertility":0.94,"p_life_expect":77.601,"n_life_expect":81.495,"country":"Hong Kong"},{"year":2000,"fertility":0.94,"life_expect":81.495,"p_fertility":1.08,"p_life_expect":80,"country":"Hong Kong"},{"year":1955,"fertility":4.023,"life_expect":73.47,"n_fertility":3.943,"n_life_expect":73.68,"country":"Iceland"},{"year":1960,"fertility":3.943,"life_expect":73.68,"p_fertility":4.023,"n_fertility":3.154,"p_life_expect":73.47,"n_life_expect":73.73,"country":"Iceland"},{"year":1965,"fertility":3.154,"life_expect":73.73,"p_fertility":3.943,"n_fertility":2.843,"p_life_expect":73.68,"n_life_expect":74.46,"country":"Iceland"},{"year":1970,"fertility":2.843,"life_expect":74.46,"p_fertility":3.154,"n_fertility":2.287,"p_life_expect":73.73,"n_life_expect":76.11,"country":"Iceland"},{"year":1975,"fertility":2.287,"life_expect":76.11,"p_fertility":2.843,"n_fertility":2.248,"p_life_expect":74.46,"n_life_expect":76.99,"country":"Iceland"},{"year":1980,"fertility":2.248,"life_expect":76.99,"p_fertility":2.287,"n_fertility":2.116,"p_life_expect":76.11,"n_life_expect":77.23,"country":"Iceland"},{"year":1985,"fertility":2.116,"life_expect":77.23,"p_fertility":2.248,"n_fertility":2.194,"p_life_expect":76.99,"n_life_expect":78.77,"country":"Iceland"},{"year":1990,"fertility":2.194,"life_expect":78.77,"p_fertility":2.116,"n_fertility":2.056,"p_life_expect":77.23,"n_life_expect":78.95,"country":"Iceland"},{"year":1995,"fertility":2.056,"life_expect":78.95,"p_fertility":2.194,"n_fertility":1.993,"p_life_expect":78.77,"n_life_expect":80.5,"country":"Iceland"},{"year":2000,"fertility":1.993,"life_expect":80.5,"p_fertility":2.056,"p_life_expect":78.95,"country":"Iceland"},{"year":1955,"fertility":5.8961,"life_expect":40.249,"n_fertility":5.8216,"n_life_expect":43.605,"country":"India"},{"year":1960,"fertility":5.8216,"life_expect":43.605,"p_fertility":5.8961,"n_fertility":5.6058,"p_life_expect":40.249,"n_life_expect":47.193,"country":"India"},{"year":1965,"fertility":5.6058,"life_expect":47.193,"p_fertility":5.8216,"n_fertility":5.264,"p_life_expect":43.605,"n_life_expect":50.651,"country":"India"},{"year":1970,"fertility":5.264,"life_expect":50.651,"p_fertility":5.6058,"n_fertility":4.8888,"p_life_expect":47.193,"n_life_expect":54.208,"country":"India"},{"year":1975,"fertility":4.8888,"life_expect":54.208,"p_fertility":5.264,"n_fertility":4.4975,"p_life_expect":50.651,"n_life_expect":56.596,"country":"India"},{"year":1980,"fertility":4.4975,"life_expect":56.596,"p_fertility":4.8888,"n_fertility":4.15,"p_life_expect":54.208,"n_life_expect":58.553,"country":"India"},{"year":1985,"fertility":4.15,"life_expect":58.553,"p_fertility":4.4975,"n_fertility":3.8648,"p_life_expect":56.596,"n_life_expect":60.223,"country":"India"},{"year":1990,"fertility":3.8648,"life_expect":60.223,"p_fertility":4.15,"n_fertility":3.4551,"p_life_expect":58.553,"n_life_expect":61.765,"country":"India"},{"year":1995,"fertility":3.4551,"life_expect":61.765,"p_fertility":3.8648,"n_fertility":3.1132,"p_life_expect":60.223,"n_life_expect":62.879,"country":"India"},{"year":2000,"fertility":3.1132,"life_expect":62.879,"p_fertility":3.4551,"p_life_expect":61.765,"country":"India"},{"year":1955,"fertility":5.672,"life_expect":39.918,"n_fertility":5.62,"n_life_expect":42.518,"country":"Indonesia"},{"year":1960,"fertility":5.62,"life_expect":42.518,"p_fertility":5.672,"n_fertility":5.568,"p_life_expect":39.918,"n_life_expect":45.964,"country":"Indonesia"},{"year":1965,"fertility":5.568,"life_expect":45.964,"p_fertility":5.62,"n_fertility":5.3,"p_life_expect":42.518,"n_life_expect":49.203,"country":"Indonesia"},{"year":1970,"fertility":5.3,"life_expect":49.203,"p_fertility":5.568,"n_fertility":4.73,"p_life_expect":45.964,"n_life_expect":52.702,"country":"Indonesia"},{"year":1975,"fertility":4.73,"life_expect":52.702,"p_fertility":5.3,"n_fertility":4.109,"p_life_expect":49.203,"n_life_expect":56.159,"country":"Indonesia"},{"year":1980,"fertility":4.109,"life_expect":56.159,"p_fertility":4.73,"n_fertility":3.4,"p_life_expect":52.702,"n_life_expect":60.137,"country":"Indonesia"},{"year":1985,"fertility":3.4,"life_expect":60.137,"p_fertility":4.109,"n_fertility":2.9,"p_life_expect":56.159,"n_life_expect":62.681,"country":"Indonesia"},{"year":1990,"fertility":2.9,"life_expect":62.681,"p_fertility":3.4,"n_fertility":2.55,"p_life_expect":60.137,"n_life_expect":66.041,"country":"Indonesia"},{"year":1995,"fertility":2.55,"life_expect":66.041,"p_fertility":2.9,"n_fertility":2.3761,"p_life_expect":62.681,"n_life_expect":68.588,"country":"Indonesia"},{"year":2000,"fertility":2.3761,"life_expect":68.588,"p_fertility":2.55,"p_life_expect":66.041,"country":"Indonesia"},{"year":1955,"fertility":7,"life_expect":47.181,"n_fertility":7,"n_life_expect":49.325,"country":"Iran"},{"year":1960,"fertility":7,"life_expect":49.325,"p_fertility":7,"n_fertility":6.8,"p_life_expect":47.181,"n_life_expect":52.469,"country":"Iran"},{"year":1965,"fertility":6.8,"life_expect":52.469,"p_fertility":7,"n_fertility":6.4,"p_life_expect":49.325,"n_life_expect":55.234,"country":"Iran"},{"year":1970,"fertility":6.4,"life_expect":55.234,"p_fertility":6.8,"n_fertility":6.5,"p_life_expect":52.469,"n_life_expect":57.702,"country":"Iran"},{"year":1975,"fertility":6.5,"life_expect":57.702,"p_fertility":6.4,"n_fertility":6.63,"p_life_expect":55.234,"n_life_expect":59.62,"country":"Iran"},{"year":1980,"fertility":6.63,"life_expect":59.62,"p_fertility":6.5,"n_fertility":5.62,"p_life_expect":57.702,"n_life_expect":63.04,"country":"Iran"},{"year":1985,"fertility":5.62,"life_expect":63.04,"p_fertility":6.63,"n_fertility":4.328,"p_life_expect":59.62,"n_life_expect":65.742,"country":"Iran"},{"year":1990,"fertility":4.328,"life_expect":65.742,"p_fertility":5.62,"n_fertility":2.534,"p_life_expect":63.04,"n_life_expect":68.042,"country":"Iran"},{"year":1995,"fertility":2.534,"life_expect":68.042,"p_fertility":4.328,"n_fertility":2.124,"p_life_expect":65.742,"n_life_expect":69.451,"country":"Iran"},{"year":2000,"fertility":2.124,"life_expect":69.451,"p_fertility":2.534,"p_life_expect":68.042,"country":"Iran"},{"year":1955,"fertility":7.3,"life_expect":48.437,"n_fertility":7.25,"n_life_expect":51.457,"country":"Iraq"},{"year":1960,"fertility":7.25,"life_expect":51.457,"p_fertility":7.3,"n_fertility":7.2,"p_life_expect":48.437,"n_life_expect":54.459,"country":"Iraq"},{"year":1965,"fertility":7.2,"life_expect":54.459,"p_fertility":7.25,"n_fertility":7.15,"p_life_expect":51.457,"n_life_expect":56.95,"country":"Iraq"},{"year":1970,"fertility":7.15,"life_expect":56.95,"p_fertility":7.2,"n_fertility":6.8,"p_life_expect":54.459,"n_life_expect":60.413,"country":"Iraq"},{"year":1975,"fertility":6.8,"life_expect":60.413,"p_fertility":7.15,"n_fertility":6.35,"p_life_expect":56.95,"n_life_expect":62.038,"country":"Iraq"},{"year":1980,"fertility":6.35,"life_expect":62.038,"p_fertility":6.8,"n_fertility":6.15,"p_life_expect":60.413,"n_life_expect":65.044,"country":"Iraq"},{"year":1985,"fertility":6.15,"life_expect":65.044,"p_fertility":6.35,"n_fertility":5.7,"p_life_expect":62.038,"n_life_expect":59.461,"country":"Iraq"},{"year":1990,"fertility":5.7,"life_expect":59.461,"p_fertility":6.15,"n_fertility":5.37,"p_life_expect":65.044,"n_life_expect":58.811,"country":"Iraq"},{"year":1995,"fertility":5.37,"life_expect":58.811,"p_fertility":5.7,"n_fertility":4.858,"p_life_expect":59.461,"n_life_expect":57.046,"country":"Iraq"},{"year":2000,"fertility":4.858,"life_expect":57.046,"p_fertility":5.37,"p_life_expect":58.811,"country":"Iraq"},{"year":1955,"fertility":3.68,"life_expect":68.9,"n_fertility":3.979,"n_life_expect":70.29,"country":"Ireland"},{"year":1960,"fertility":3.979,"life_expect":70.29,"p_fertility":3.68,"n_fertility":3.873,"p_life_expect":68.9,"n_life_expect":71.08,"country":"Ireland"},{"year":1965,"fertility":3.873,"life_expect":71.08,"p_fertility":3.979,"n_fertility":3.815,"p_life_expect":70.29,"n_life_expect":71.28,"country":"Ireland"},{"year":1970,"fertility":3.815,"life_expect":71.28,"p_fertility":3.873,"n_fertility":3.478,"p_life_expect":71.08,"n_life_expect":72.03,"country":"Ireland"},{"year":1975,"fertility":3.478,"life_expect":72.03,"p_fertility":3.815,"n_fertility":2.877,"p_life_expect":71.28,"n_life_expect":73.1,"country":"Ireland"},{"year":1980,"fertility":2.877,"life_expect":73.1,"p_fertility":3.478,"n_fertility":2.287,"p_life_expect":72.03,"n_life_expect":74.36,"country":"Ireland"},{"year":1985,"fertility":2.287,"life_expect":74.36,"p_fertility":2.877,"n_fertility":1.969,"p_life_expect":73.1,"n_life_expect":75.467,"country":"Ireland"},{"year":1990,"fertility":1.969,"life_expect":75.467,"p_fertility":2.287,"n_fertility":1.9,"p_life_expect":74.36,"n_life_expect":76.122,"country":"Ireland"},{"year":1995,"fertility":1.9,"life_expect":76.122,"p_fertility":1.969,"n_fertility":1.969,"p_life_expect":75.467,"n_life_expect":77.783,"country":"Ireland"},{"year":2000,"fertility":1.969,"life_expect":77.783,"p_fertility":1.9,"p_life_expect":76.122,"country":"Ireland"},{"year":1955,"fertility":3.893,"life_expect":67.84,"n_fertility":3.852,"n_life_expect":69.39,"country":"Israel"},{"year":1960,"fertility":3.852,"life_expect":69.39,"p_fertility":3.893,"n_fertility":3.79,"p_life_expect":67.84,"n_life_expect":70.75,"country":"Israel"},{"year":1965,"fertility":3.79,"life_expect":70.75,"p_fertility":3.852,"n_fertility":3.77,"p_life_expect":69.39,"n_life_expect":71.63,"country":"Israel"},{"year":1970,"fertility":3.77,"life_expect":71.63,"p_fertility":3.79,"n_fertility":3.409,"p_life_expect":70.75,"n_life_expect":73.06,"country":"Israel"},{"year":1975,"fertility":3.409,"life_expect":73.06,"p_fertility":3.77,"n_fertility":3.125,"p_life_expect":71.63,"n_life_expect":74.45,"country":"Israel"},{"year":1980,"fertility":3.125,"life_expect":74.45,"p_fertility":3.409,"n_fertility":3.051,"p_life_expect":73.06,"n_life_expect":75.6,"country":"Israel"},{"year":1985,"fertility":3.051,"life_expect":75.6,"p_fertility":3.125,"n_fertility":2.933,"p_life_expect":74.45,"n_life_expect":76.93,"country":"Israel"},{"year":1990,"fertility":2.933,"life_expect":76.93,"p_fertility":3.051,"n_fertility":2.942,"p_life_expect":75.6,"n_life_expect":78.269,"country":"Israel"},{"year":1995,"fertility":2.942,"life_expect":78.269,"p_fertility":2.933,"n_fertility":2.906,"p_life_expect":76.93,"n_life_expect":79.696,"country":"Israel"},{"year":2000,"fertility":2.906,"life_expect":79.696,"p_fertility":2.942,"p_life_expect":78.269,"country":"Israel"},{"year":1955,"fertility":2.35,"life_expect":67.81,"n_fertility":2.498,"n_life_expect":69.24,"country":"Italy"},{"year":1960,"fertility":2.498,"life_expect":69.24,"p_fertility":2.35,"n_fertility":2.493,"p_life_expect":67.81,"n_life_expect":71.06,"country":"Italy"},{"year":1965,"fertility":2.493,"life_expect":71.06,"p_fertility":2.498,"n_fertility":2.325,"p_life_expect":69.24,"n_life_expect":72.19,"country":"Italy"},{"year":1970,"fertility":2.325,"life_expect":72.19,"p_fertility":2.493,"n_fertility":1.889,"p_life_expect":71.06,"n_life_expect":73.48,"country":"Italy"},{"year":1975,"fertility":1.889,"life_expect":73.48,"p_fertility":2.325,"n_fertility":1.53,"p_life_expect":72.19,"n_life_expect":74.98,"country":"Italy"},{"year":1980,"fertility":1.53,"life_expect":74.98,"p_fertility":1.889,"n_fertility":1.349,"p_life_expect":73.48,"n_life_expect":76.42,"country":"Italy"},{"year":1985,"fertility":1.349,"life_expect":76.42,"p_fertility":1.53,"n_fertility":1.275,"p_life_expect":74.98,"n_life_expect":77.44,"country":"Italy"},{"year":1990,"fertility":1.275,"life_expect":77.44,"p_fertility":1.349,"n_fertility":1.213,"p_life_expect":76.42,"n_life_expect":78.82,"country":"Italy"},{"year":1995,"fertility":1.213,"life_expect":78.82,"p_fertility":1.275,"n_fertility":1.286,"p_life_expect":77.44,"n_life_expect":80.24,"country":"Italy"},{"year":2000,"fertility":1.286,"life_expect":80.24,"p_fertility":1.213,"p_life_expect":78.82,"country":"Italy"},{"year":1955,"fertility":5.08,"life_expect":62.61,"n_fertility":5.64,"n_life_expect":65.61,"country":"Jamaica"},{"year":1960,"fertility":5.64,"life_expect":65.61,"p_fertility":5.08,"n_fertility":5.78,"p_life_expect":62.61,"n_life_expect":67.51,"country":"Jamaica"},{"year":1965,"fertility":5.78,"life_expect":67.51,"p_fertility":5.64,"n_fertility":5,"p_life_expect":65.61,"n_life_expect":69,"country":"Jamaica"},{"year":1970,"fertility":5,"life_expect":69,"p_fertility":5.78,"n_fertility":4,"p_life_expect":67.51,"n_life_expect":70.11,"country":"Jamaica"},{"year":1975,"fertility":4,"life_expect":70.11,"p_fertility":5,"n_fertility":3.55,"p_life_expect":69,"n_life_expect":71.21,"country":"Jamaica"},{"year":1980,"fertility":3.55,"life_expect":71.21,"p_fertility":4,"n_fertility":3.1,"p_life_expect":70.11,"n_life_expect":71.77,"country":"Jamaica"},{"year":1985,"fertility":3.1,"life_expect":71.77,"p_fertility":3.55,"n_fertility":2.84,"p_life_expect":71.21,"n_life_expect":71.766,"country":"Jamaica"},{"year":1990,"fertility":2.84,"life_expect":71.766,"p_fertility":3.1,"n_fertility":2.67,"p_life_expect":71.77,"n_life_expect":72.262,"country":"Jamaica"},{"year":1995,"fertility":2.67,"life_expect":72.262,"p_fertility":2.84,"n_fertility":2.628,"p_life_expect":71.766,"n_life_expect":72.047,"country":"Jamaica"},{"year":2000,"fertility":2.628,"life_expect":72.047,"p_fertility":2.67,"p_life_expect":72.262,"country":"Jamaica"},{"year":1955,"fertility":2.08,"life_expect":65.5,"n_fertility":2.02,"n_life_expect":68.73,"country":"Japan"},{"year":1960,"fertility":2.02,"life_expect":68.73,"p_fertility":2.08,"n_fertility":2,"p_life_expect":65.5,"n_life_expect":71.43,"country":"Japan"},{"year":1965,"fertility":2,"life_expect":71.43,"p_fertility":2.02,"n_fertility":2.07,"p_life_expect":68.73,"n_life_expect":73.42,"country":"Japan"},{"year":1970,"fertility":2.07,"life_expect":73.42,"p_fertility":2,"n_fertility":1.81,"p_life_expect":71.43,"n_life_expect":75.38,"country":"Japan"},{"year":1975,"fertility":1.81,"life_expect":75.38,"p_fertility":2.07,"n_fertility":1.76,"p_life_expect":73.42,"n_life_expect":77.11,"country":"Japan"},{"year":1980,"fertility":1.76,"life_expect":77.11,"p_fertility":1.81,"n_fertility":1.66,"p_life_expect":75.38,"n_life_expect":78.67,"country":"Japan"},{"year":1985,"fertility":1.66,"life_expect":78.67,"p_fertility":1.76,"n_fertility":1.49,"p_life_expect":77.11,"n_life_expect":79.36,"country":"Japan"},{"year":1990,"fertility":1.49,"life_expect":79.36,"p_fertility":1.66,"n_fertility":1.39,"p_life_expect":78.67,"n_life_expect":80.69,"country":"Japan"},{"year":1995,"fertility":1.39,"life_expect":80.69,"p_fertility":1.49,"n_fertility":1.291,"p_life_expect":79.36,"n_life_expect":82,"country":"Japan"},{"year":2000,"fertility":1.291,"life_expect":82,"p_fertility":1.39,"p_life_expect":80.69,"country":"Japan"},{"year":1955,"fertility":7.816,"life_expect":44.686,"n_fertility":8.12,"n_life_expect":47.949,"country":"Kenya"},{"year":1960,"fertility":8.12,"life_expect":47.949,"p_fertility":7.816,"n_fertility":8.12,"p_life_expect":44.686,"n_life_expect":50.654,"country":"Kenya"},{"year":1965,"fertility":8.12,"life_expect":50.654,"p_fertility":8.12,"n_fertility":8,"p_life_expect":47.949,"n_life_expect":53.559,"country":"Kenya"},{"year":1970,"fertility":8,"life_expect":53.559,"p_fertility":8.12,"n_fertility":7.6,"p_life_expect":50.654,"n_life_expect":56.155,"country":"Kenya"},{"year":1975,"fertility":7.6,"life_expect":56.155,"p_fertility":8,"n_fertility":7.2,"p_life_expect":53.559,"n_life_expect":58.766,"country":"Kenya"},{"year":1980,"fertility":7.2,"life_expect":58.766,"p_fertility":7.6,"n_fertility":6.5,"p_life_expect":56.155,"n_life_expect":59.339,"country":"Kenya"},{"year":1985,"fertility":6.5,"life_expect":59.339,"p_fertility":7.2,"n_fertility":5.4,"p_life_expect":58.766,"n_life_expect":59.285,"country":"Kenya"},{"year":1990,"fertility":5.4,"life_expect":59.285,"p_fertility":6.5,"n_fertility":5,"p_life_expect":59.339,"n_life_expect":54.407,"country":"Kenya"},{"year":1995,"fertility":5,"life_expect":54.407,"p_fertility":5.4,"n_fertility":5,"p_life_expect":59.285,"n_life_expect":50.992,"country":"Kenya"},{"year":2000,"fertility":5,"life_expect":50.992,"p_fertility":5,"p_life_expect":54.407,"country":"Kenya"},{"year":1955,"fertility":3.8,"life_expect":54.081,"n_fertility":3.41,"n_life_expect":56.656,"country":"South Korea"},{"year":1960,"fertility":3.41,"life_expect":56.656,"p_fertility":3.8,"n_fertility":4.09,"p_life_expect":54.081,"n_life_expect":59.942,"country":"South Korea"},{"year":1965,"fertility":4.09,"life_expect":59.942,"p_fertility":3.41,"n_fertility":3.72,"p_life_expect":56.656,"n_life_expect":63.983,"country":"South Korea"},{"year":1970,"fertility":3.72,"life_expect":63.983,"p_fertility":4.09,"n_fertility":2.58,"p_life_expect":59.942,"n_life_expect":67.159,"country":"South Korea"},{"year":1975,"fertility":2.58,"life_expect":67.159,"p_fertility":3.72,"n_fertility":2.93,"p_life_expect":63.983,"n_life_expect":69.1,"country":"South Korea"},{"year":1980,"fertility":2.93,"life_expect":69.1,"p_fertility":2.58,"n_fertility":2.45,"p_life_expect":67.159,"n_life_expect":70.647,"country":"South Korea"},{"year":1985,"fertility":2.45,"life_expect":70.647,"p_fertility":2.93,"n_fertility":2.35,"p_life_expect":69.1,"n_life_expect":69.978,"country":"South Korea"},{"year":1990,"fertility":2.35,"life_expect":69.978,"p_fertility":2.45,"n_fertility":2.0938,"p_life_expect":70.647,"n_life_expect":67.727,"country":"South Korea"},{"year":1995,"fertility":2.0938,"life_expect":67.727,"p_fertility":2.35,"n_fertility":1.9173,"p_life_expect":69.978,"n_life_expect":66.662,"country":"South Korea"},{"year":2000,"fertility":1.9173,"life_expect":66.662,"p_fertility":2.0938,"p_life_expect":67.727,"country":"South Korea"},{"year":1955,"fertility":6.332,"life_expect":52.681,"n_fertility":5.63,"n_life_expect":55.292,"country":"North Korea"},{"year":1960,"fertility":5.63,"life_expect":55.292,"p_fertility":6.332,"n_fertility":4.708,"p_life_expect":52.681,"n_life_expect":57.716,"country":"North Korea"},{"year":1965,"fertility":4.708,"life_expect":57.716,"p_fertility":5.63,"n_fertility":4.281,"p_life_expect":55.292,"n_life_expect":62.612,"country":"North Korea"},{"year":1970,"fertility":4.281,"life_expect":62.612,"p_fertility":4.708,"n_fertility":2.919,"p_life_expect":57.716,"n_life_expect":64.766,"country":"North Korea"},{"year":1975,"fertility":2.919,"life_expect":64.766,"p_fertility":4.281,"n_fertility":2.234,"p_life_expect":62.612,"n_life_expect":67.123,"country":"North Korea"},{"year":1980,"fertility":2.234,"life_expect":67.123,"p_fertility":2.919,"n_fertility":1.601,"p_life_expect":64.766,"n_life_expect":69.81,"country":"North Korea"},{"year":1985,"fertility":1.601,"life_expect":69.81,"p_fertility":2.234,"n_fertility":1.696,"p_life_expect":67.123,"n_life_expect":72.244,"country":"North Korea"},{"year":1990,"fertility":1.696,"life_expect":72.244,"p_fertility":1.601,"n_fertility":1.514,"p_life_expect":69.81,"n_life_expect":74.647,"country":"North Korea"},{"year":1995,"fertility":1.514,"life_expect":74.647,"p_fertility":1.696,"n_fertility":1.242,"p_life_expect":72.244,"n_life_expect":77.045,"country":"North Korea"},{"year":2000,"fertility":1.242,"life_expect":77.045,"p_fertility":1.514,"p_life_expect":74.647,"country":"North Korea"},{"year":1955,"fertility":5.72,"life_expect":59.489,"n_fertility":5.689,"n_life_expect":62.094,"country":"Lebanon"},{"year":1960,"fertility":5.689,"life_expect":62.094,"p_fertility":5.72,"n_fertility":5.336,"p_life_expect":59.489,"n_life_expect":63.87,"country":"Lebanon"},{"year":1965,"fertility":5.336,"life_expect":63.87,"p_fertility":5.689,"n_fertility":4.78,"p_life_expect":62.094,"n_life_expect":65.421,"country":"Lebanon"},{"year":1970,"fertility":4.78,"life_expect":65.421,"p_fertility":5.336,"n_fertility":4.311,"p_life_expect":63.87,"n_life_expect":66.099,"country":"Lebanon"},{"year":1975,"fertility":4.311,"life_expect":66.099,"p_fertility":4.78,"n_fertility":3.895,"p_life_expect":65.421,"n_life_expect":66.983,"country":"Lebanon"},{"year":1980,"fertility":3.895,"life_expect":66.983,"p_fertility":4.311,"n_fertility":3.313,"p_life_expect":66.099,"n_life_expect":67.926,"country":"Lebanon"},{"year":1985,"fertility":3.313,"life_expect":67.926,"p_fertility":3.895,"n_fertility":3,"p_life_expect":66.983,"n_life_expect":69.292,"country":"Lebanon"},{"year":1990,"fertility":3,"life_expect":69.292,"p_fertility":3.313,"n_fertility":2.695,"p_life_expect":67.926,"n_life_expect":70.265,"country":"Lebanon"},{"year":1995,"fertility":2.695,"life_expect":70.265,"p_fertility":3,"n_fertility":2.319,"p_life_expect":69.292,"n_life_expect":71.028,"country":"Lebanon"},{"year":2000,"fertility":2.319,"life_expect":71.028,"p_fertility":2.695,"p_life_expect":70.265,"country":"Lebanon"},{"year":1955,"fertility":6.8,"life_expect":55.19,"n_fertility":6.7495,"n_life_expect":58.299,"country":"Mexico"},{"year":1960,"fertility":6.7495,"life_expect":58.299,"p_fertility":6.8,"n_fertility":6.7495,"p_life_expect":55.19,"n_life_expect":60.11,"country":"Mexico"},{"year":1965,"fertility":6.7495,"life_expect":60.11,"p_fertility":6.7495,"n_fertility":6.5,"p_life_expect":58.299,"n_life_expect":62.361,"country":"Mexico"},{"year":1970,"fertility":6.5,"life_expect":62.361,"p_fertility":6.7495,"n_fertility":5.2505,"p_life_expect":60.11,"n_life_expect":65.032,"country":"Mexico"},{"year":1975,"fertility":5.2505,"life_expect":65.032,"p_fertility":6.5,"n_fertility":4.25,"p_life_expect":62.361,"n_life_expect":67.405,"country":"Mexico"},{"year":1980,"fertility":4.25,"life_expect":67.405,"p_fertility":5.2505,"n_fertility":3.6295,"p_life_expect":65.032,"n_life_expect":69.498,"country":"Mexico"},{"year":1985,"fertility":3.6295,"life_expect":69.498,"p_fertility":4.25,"n_fertility":3.1905,"p_life_expect":67.405,"n_life_expect":71.455,"country":"Mexico"},{"year":1990,"fertility":3.1905,"life_expect":71.455,"p_fertility":3.6295,"n_fertility":2.6705,"p_life_expect":69.498,"n_life_expect":73.67,"country":"Mexico"},{"year":1995,"fertility":2.6705,"life_expect":73.67,"p_fertility":3.1905,"n_fertility":2.4005,"p_life_expect":71.455,"n_life_expect":74.902,"country":"Mexico"},{"year":2000,"fertility":2.4005,"life_expect":74.902,"p_fertility":2.6705,"p_life_expect":73.67,"country":"Mexico"},{"year":1955,"fertility":3.095,"life_expect":72.99,"n_fertility":3.168,"n_life_expect":73.23,"country":"Netherlands"},{"year":1960,"fertility":3.168,"life_expect":73.23,"p_fertility":3.095,"n_fertility":2.797,"p_life_expect":72.99,"n_life_expect":73.82,"country":"Netherlands"},{"year":1965,"fertility":2.797,"life_expect":73.82,"p_fertility":3.168,"n_fertility":2.059,"p_life_expect":73.23,"n_life_expect":73.75,"country":"Netherlands"},{"year":1970,"fertility":2.059,"life_expect":73.75,"p_fertility":2.797,"n_fertility":1.596,"p_life_expect":73.82,"n_life_expect":75.24,"country":"Netherlands"},{"year":1975,"fertility":1.596,"life_expect":75.24,"p_fertility":2.059,"n_fertility":1.515,"p_life_expect":73.75,"n_life_expect":76.05,"country":"Netherlands"},{"year":1980,"fertility":1.515,"life_expect":76.05,"p_fertility":1.596,"n_fertility":1.555,"p_life_expect":75.24,"n_life_expect":76.83,"country":"Netherlands"},{"year":1985,"fertility":1.555,"life_expect":76.83,"p_fertility":1.515,"n_fertility":1.583,"p_life_expect":76.05,"n_life_expect":77.42,"country":"Netherlands"},{"year":1990,"fertility":1.583,"life_expect":77.42,"p_fertility":1.555,"n_fertility":1.6,"p_life_expect":76.83,"n_life_expect":78.03,"country":"Netherlands"},{"year":1995,"fertility":1.6,"life_expect":78.03,"p_fertility":1.583,"n_fertility":1.726,"p_life_expect":77.42,"n_life_expect":78.53,"country":"Netherlands"},{"year":2000,"fertility":1.726,"life_expect":78.53,"p_fertility":1.6,"p_life_expect":78.03,"country":"Netherlands"},{"year":1955,"fertility":4.07,"life_expect":70.26,"n_fertility":4.022,"n_life_expect":71.24,"country":"New Zealand"},{"year":1960,"fertility":4.022,"life_expect":71.24,"p_fertility":4.07,"n_fertility":3.348,"p_life_expect":70.26,"n_life_expect":71.52,"country":"New Zealand"},{"year":1965,"fertility":3.348,"life_expect":71.52,"p_fertility":4.022,"n_fertility":2.843,"p_life_expect":71.24,"n_life_expect":71.89,"country":"New Zealand"},{"year":1970,"fertility":2.843,"life_expect":71.89,"p_fertility":3.348,"n_fertility":2.178,"p_life_expect":71.52,"n_life_expect":72.22,"country":"New Zealand"},{"year":1975,"fertility":2.178,"life_expect":72.22,"p_fertility":2.843,"n_fertility":1.963,"p_life_expect":71.89,"n_life_expect":73.84,"country":"New Zealand"},{"year":1980,"fertility":1.963,"life_expect":73.84,"p_fertility":2.178,"n_fertility":2.053,"p_life_expect":72.22,"n_life_expect":74.32,"country":"New Zealand"},{"year":1985,"fertility":2.053,"life_expect":74.32,"p_fertility":1.963,"n_fertility":2.061,"p_life_expect":73.84,"n_life_expect":76.33,"country":"New Zealand"},{"year":1990,"fertility":2.061,"life_expect":76.33,"p_fertility":2.053,"n_fertility":1.952,"p_life_expect":74.32,"n_life_expect":77.55,"country":"New Zealand"},{"year":1995,"fertility":1.952,"life_expect":77.55,"p_fertility":2.061,"n_fertility":1.964,"p_life_expect":76.33,"n_life_expect":79.11,"country":"New Zealand"},{"year":2000,"fertility":1.964,"life_expect":79.11,"p_fertility":1.952,"p_life_expect":77.55,"country":"New Zealand"},{"year":1955,"fertility":6.9,"life_expect":37.802,"n_fertility":6.9,"n_life_expect":39.36,"country":"Nigeria"},{"year":1960,"fertility":6.9,"life_expect":39.36,"p_fertility":6.9,"n_fertility":6.9,"p_life_expect":37.802,"n_life_expect":41.04,"country":"Nigeria"},{"year":1965,"fertility":6.9,"life_expect":41.04,"p_fertility":6.9,"n_fertility":6.9,"p_life_expect":39.36,"n_life_expect":42.821,"country":"Nigeria"},{"year":1970,"fertility":6.9,"life_expect":42.821,"p_fertility":6.9,"n_fertility":6.9,"p_life_expect":41.04,"n_life_expect":44.514,"country":"Nigeria"},{"year":1975,"fertility":6.9,"life_expect":44.514,"p_fertility":6.9,"n_fertility":6.9,"p_life_expect":42.821,"n_life_expect":45.826,"country":"Nigeria"},{"year":1980,"fertility":6.9,"life_expect":45.826,"p_fertility":6.9,"n_fertility":6.834,"p_life_expect":44.514,"n_life_expect":46.886,"country":"Nigeria"},{"year":1985,"fertility":6.834,"life_expect":46.886,"p_fertility":6.9,"n_fertility":6.635,"p_life_expect":45.826,"n_life_expect":47.472,"country":"Nigeria"},{"year":1990,"fertility":6.635,"life_expect":47.472,"p_fertility":6.834,"n_fertility":6.246,"p_life_expect":46.886,"n_life_expect":47.464,"country":"Nigeria"},{"year":1995,"fertility":6.246,"life_expect":47.464,"p_fertility":6.635,"n_fertility":5.845,"p_life_expect":47.472,"n_life_expect":46.608,"country":"Nigeria"},{"year":2000,"fertility":5.845,"life_expect":46.608,"p_fertility":6.246,"p_life_expect":47.464,"country":"Nigeria"},{"year":1955,"fertility":2.837,"life_expect":73.44,"n_fertility":2.898,"n_life_expect":73.47,"country":"Norway"},{"year":1960,"fertility":2.898,"life_expect":73.47,"p_fertility":2.837,"n_fertility":2.719,"p_life_expect":73.44,"n_life_expect":74.08,"country":"Norway"},{"year":1965,"fertility":2.719,"life_expect":74.08,"p_fertility":2.898,"n_fertility":2.248,"p_life_expect":73.47,"n_life_expect":74.34,"country":"Norway"},{"year":1970,"fertility":2.248,"life_expect":74.34,"p_fertility":2.719,"n_fertility":1.81,"p_life_expect":74.08,"n_life_expect":75.37,"country":"Norway"},{"year":1975,"fertility":1.81,"life_expect":75.37,"p_fertility":2.248,"n_fertility":1.687,"p_life_expect":74.34,"n_life_expect":75.97,"country":"Norway"},{"year":1980,"fertility":1.687,"life_expect":75.97,"p_fertility":1.81,"n_fertility":1.8,"p_life_expect":75.37,"n_life_expect":75.89,"country":"Norway"},{"year":1985,"fertility":1.8,"life_expect":75.89,"p_fertility":1.687,"n_fertility":1.886,"p_life_expect":75.97,"n_life_expect":77.32,"country":"Norway"},{"year":1990,"fertility":1.886,"life_expect":77.32,"p_fertility":1.8,"n_fertility":1.853,"p_life_expect":75.89,"n_life_expect":78.32,"country":"Norway"},{"year":1995,"fertility":1.853,"life_expect":78.32,"p_fertility":1.886,"n_fertility":1.801,"p_life_expect":77.32,"n_life_expect":79.05,"country":"Norway"},{"year":2000,"fertility":1.801,"life_expect":79.05,"p_fertility":1.853,"p_life_expect":78.32,"country":"Norway"},{"year":1955,"fertility":6.6,"life_expect":45.557,"n_fertility":6.6,"n_life_expect":47.67,"country":"Pakistan"},{"year":1960,"fertility":6.6,"life_expect":47.67,"p_fertility":6.6,"n_fertility":6.6,"p_life_expect":45.557,"n_life_expect":49.8,"country":"Pakistan"},{"year":1965,"fertility":6.6,"life_expect":49.8,"p_fertility":6.6,"n_fertility":6.6,"p_life_expect":47.67,"n_life_expect":51.929,"country":"Pakistan"},{"year":1970,"fertility":6.6,"life_expect":51.929,"p_fertility":6.6,"n_fertility":6.6,"p_life_expect":49.8,"n_life_expect":54.043,"country":"Pakistan"},{"year":1975,"fertility":6.6,"life_expect":54.043,"p_fertility":6.6,"n_fertility":6.6,"p_life_expect":51.929,"n_life_expect":56.158,"country":"Pakistan"},{"year":1980,"fertility":6.6,"life_expect":56.158,"p_fertility":6.6,"n_fertility":6.66,"p_life_expect":54.043,"n_life_expect":58.245,"country":"Pakistan"},{"year":1985,"fertility":6.66,"life_expect":58.245,"p_fertility":6.6,"n_fertility":5.8,"p_life_expect":56.158,"n_life_expect":60.838,"country":"Pakistan"},{"year":1990,"fertility":5.8,"life_expect":60.838,"p_fertility":6.66,"n_fertility":4.9596,"p_life_expect":58.245,"n_life_expect":61.818,"country":"Pakistan"},{"year":1995,"fertility":4.9596,"life_expect":61.818,"p_fertility":5.8,"n_fertility":3.9936,"p_life_expect":60.838,"n_life_expect":63.61,"country":"Pakistan"},{"year":2000,"fertility":3.9936,"life_expect":63.61,"p_fertility":4.9596,"p_life_expect":61.818,"country":"Pakistan"},{"year":1955,"fertility":6.853,"life_expect":46.263,"n_fertility":6.853,"n_life_expect":49.096,"country":"Peru"},{"year":1960,"fertility":6.853,"life_expect":49.096,"p_fertility":6.853,"n_fertility":6.56,"p_life_expect":46.263,"n_life_expect":51.445,"country":"Peru"},{"year":1965,"fertility":6.56,"life_expect":51.445,"p_fertility":6.853,"n_fertility":6,"p_life_expect":49.096,"n_life_expect":55.448,"country":"Peru"},{"year":1970,"fertility":6,"life_expect":55.448,"p_fertility":6.56,"n_fertility":5.378,"p_life_expect":51.445,"n_life_expect":58.447,"country":"Peru"},{"year":1975,"fertility":5.378,"life_expect":58.447,"p_fertility":6,"n_fertility":4.65,"p_life_expect":55.448,"n_life_expect":61.406,"country":"Peru"},{"year":1980,"fertility":4.65,"life_expect":61.406,"p_fertility":5.378,"n_fertility":4.1,"p_life_expect":58.447,"n_life_expect":64.134,"country":"Peru"},{"year":1985,"fertility":4.1,"life_expect":64.134,"p_fertility":4.65,"n_fertility":3.7,"p_life_expect":61.406,"n_life_expect":66.458,"country":"Peru"},{"year":1990,"fertility":3.7,"life_expect":66.458,"p_fertility":4.1,"n_fertility":3.0995,"p_life_expect":64.134,"n_life_expect":68.386,"country":"Peru"},{"year":1995,"fertility":3.0995,"life_expect":68.386,"p_fertility":3.7,"n_fertility":2.7005,"p_life_expect":66.458,"n_life_expect":69.906,"country":"Peru"},{"year":2000,"fertility":2.7005,"life_expect":69.906,"p_fertility":3.0995,"p_life_expect":68.386,"country":"Peru"},{"year":1955,"fertility":7.13,"life_expect":51.334,"n_fertility":6.85,"n_life_expect":54.757,"country":"Philippines"},{"year":1960,"fertility":6.85,"life_expect":54.757,"p_fertility":7.13,"n_fertility":6.5,"p_life_expect":51.334,"n_life_expect":56.393,"country":"Philippines"},{"year":1965,"fertility":6.5,"life_expect":56.393,"p_fertility":6.85,"n_fertility":6,"p_life_expect":54.757,"n_life_expect":58.065,"country":"Philippines"},{"year":1970,"fertility":6,"life_expect":58.065,"p_fertility":6.5,"n_fertility":5.5,"p_life_expect":56.393,"n_life_expect":60.06,"country":"Philippines"},{"year":1975,"fertility":5.5,"life_expect":60.06,"p_fertility":6,"n_fertility":4.95,"p_life_expect":58.065,"n_life_expect":62.082,"country":"Philippines"},{"year":1980,"fertility":4.95,"life_expect":62.082,"p_fertility":5.5,"n_fertility":4.55,"p_life_expect":60.06,"n_life_expect":64.151,"country":"Philippines"},{"year":1985,"fertility":4.55,"life_expect":64.151,"p_fertility":4.95,"n_fertility":4.143,"p_life_expect":62.082,"n_life_expect":66.458,"country":"Philippines"},{"year":1990,"fertility":4.143,"life_expect":66.458,"p_fertility":4.55,"n_fertility":3.7248,"p_life_expect":64.151,"n_life_expect":68.564,"country":"Philippines"},{"year":1995,"fertility":3.7248,"life_expect":68.564,"p_fertility":4.143,"n_fertility":3.5436,"p_life_expect":66.458,"n_life_expect":70.303,"country":"Philippines"},{"year":2000,"fertility":3.5436,"life_expect":70.303,"p_fertility":3.7248,"p_life_expect":68.564,"country":"Philippines"},{"year":1955,"fertility":3.29,"life_expect":65.77,"n_fertility":2.65,"n_life_expect":67.64,"country":"Poland"},{"year":1960,"fertility":2.65,"life_expect":67.64,"p_fertility":3.29,"n_fertility":2.27,"p_life_expect":65.77,"n_life_expect":69.61,"country":"Poland"},{"year":1965,"fertility":2.27,"life_expect":69.61,"p_fertility":2.65,"n_fertility":2.25,"p_life_expect":67.64,"n_life_expect":70.85,"country":"Poland"},{"year":1970,"fertility":2.25,"life_expect":70.85,"p_fertility":2.27,"n_fertility":2.26,"p_life_expect":69.61,"n_life_expect":70.67,"country":"Poland"},{"year":1975,"fertility":2.26,"life_expect":70.67,"p_fertility":2.25,"n_fertility":2.33,"p_life_expect":70.85,"n_life_expect":71.32,"country":"Poland"},{"year":1980,"fertility":2.33,"life_expect":71.32,"p_fertility":2.26,"n_fertility":2.15,"p_life_expect":70.67,"n_life_expect":70.98,"country":"Poland"},{"year":1985,"fertility":2.15,"life_expect":70.98,"p_fertility":2.33,"n_fertility":1.89,"p_life_expect":71.32,"n_life_expect":70.99,"country":"Poland"},{"year":1990,"fertility":1.89,"life_expect":70.99,"p_fertility":2.15,"n_fertility":1.478,"p_life_expect":70.98,"n_life_expect":72.75,"country":"Poland"},{"year":1995,"fertility":1.478,"life_expect":72.75,"p_fertility":1.89,"n_fertility":1.251,"p_life_expect":70.99,"n_life_expect":74.67,"country":"Poland"},{"year":2000,"fertility":1.251,"life_expect":74.67,"p_fertility":1.478,"p_life_expect":72.75,"country":"Poland"},{"year":1955,"fertility":3.03,"life_expect":61.51,"n_fertility":3.074,"n_life_expect":64.39,"country":"Portugal"},{"year":1960,"fertility":3.074,"life_expect":64.39,"p_fertility":3.03,"n_fertility":2.849,"p_life_expect":61.51,"n_life_expect":66.6,"country":"Portugal"},{"year":1965,"fertility":2.849,"life_expect":66.6,"p_fertility":3.074,"n_fertility":2.748,"p_life_expect":64.39,"n_life_expect":69.26,"country":"Portugal"},{"year":1970,"fertility":2.748,"life_expect":69.26,"p_fertility":2.849,"n_fertility":2.41,"p_life_expect":66.6,"n_life_expect":70.41,"country":"Portugal"},{"year":1975,"fertility":2.41,"life_expect":70.41,"p_fertility":2.748,"n_fertility":1.982,"p_life_expect":69.26,"n_life_expect":72.77,"country":"Portugal"},{"year":1980,"fertility":1.982,"life_expect":72.77,"p_fertility":2.41,"n_fertility":1.594,"p_life_expect":70.41,"n_life_expect":74.06,"country":"Portugal"},{"year":1985,"fertility":1.594,"life_expect":74.06,"p_fertility":1.982,"n_fertility":1.516,"p_life_expect":72.77,"n_life_expect":74.86,"country":"Portugal"},{"year":1990,"fertility":1.516,"life_expect":74.86,"p_fertility":1.594,"n_fertility":1.475,"p_life_expect":74.06,"n_life_expect":75.97,"country":"Portugal"},{"year":1995,"fertility":1.475,"life_expect":75.97,"p_fertility":1.516,"n_fertility":1.454,"p_life_expect":74.86,"n_life_expect":77.29,"country":"Portugal"},{"year":2000,"fertility":1.454,"life_expect":77.29,"p_fertility":1.475,"p_life_expect":75.97,"country":"Portugal"},{"year":1955,"fertility":8,"life_expect":41.5,"n_fertility":8.1,"n_life_expect":43,"country":"Rwanda"},{"year":1960,"fertility":8.1,"life_expect":43,"p_fertility":8,"n_fertility":8.2,"p_life_expect":41.5,"n_life_expect":44.1,"country":"Rwanda"},{"year":1965,"fertility":8.2,"life_expect":44.1,"p_fertility":8.1,"n_fertility":8.29,"p_life_expect":43,"n_life_expect":44.6,"country":"Rwanda"},{"year":1970,"fertility":8.29,"life_expect":44.6,"p_fertility":8.2,"n_fertility":8.492,"p_life_expect":44.1,"n_life_expect":45,"country":"Rwanda"},{"year":1975,"fertility":8.492,"life_expect":45,"p_fertility":8.29,"n_fertility":8.5,"p_life_expect":44.6,"n_life_expect":46.218,"country":"Rwanda"},{"year":1980,"fertility":8.5,"life_expect":46.218,"p_fertility":8.492,"n_fertility":8.25,"p_life_expect":45,"n_life_expect":44.02,"country":"Rwanda"},{"year":1985,"fertility":8.25,"life_expect":44.02,"p_fertility":8.5,"n_fertility":6.9,"p_life_expect":46.218,"n_life_expect":23.599,"country":"Rwanda"},{"year":1990,"fertility":6.9,"life_expect":23.599,"p_fertility":8.25,"n_fertility":6.0993,"p_life_expect":44.02,"n_life_expect":36.087,"country":"Rwanda"},{"year":1995,"fertility":6.0993,"life_expect":36.087,"p_fertility":6.9,"n_fertility":6.01,"p_life_expect":23.599,"n_life_expect":43.413,"country":"Rwanda"},{"year":2000,"fertility":6.01,"life_expect":43.413,"p_fertility":6.0993,"p_life_expect":36.087,"country":"Rwanda"},{"year":1955,"fertility":7.175,"life_expect":42.868,"n_fertility":7.257,"n_life_expect":45.914,"country":"Saudi Arabia"},{"year":1960,"fertility":7.257,"life_expect":45.914,"p_fertility":7.175,"n_fertility":7.257,"p_life_expect":42.868,"n_life_expect":49.901,"country":"Saudi Arabia"},{"year":1965,"fertility":7.257,"life_expect":49.901,"p_fertility":7.257,"n_fertility":7.298,"p_life_expect":45.914,"n_life_expect":53.886,"country":"Saudi Arabia"},{"year":1970,"fertility":7.298,"life_expect":53.886,"p_fertility":7.257,"n_fertility":7.278,"p_life_expect":49.901,"n_life_expect":58.69,"country":"Saudi Arabia"},{"year":1975,"fertility":7.278,"life_expect":58.69,"p_fertility":7.298,"n_fertility":7.015,"p_life_expect":53.886,"n_life_expect":63.012,"country":"Saudi Arabia"},{"year":1980,"fertility":7.015,"life_expect":63.012,"p_fertility":7.278,"n_fertility":6.217,"p_life_expect":58.69,"n_life_expect":66.295,"country":"Saudi Arabia"},{"year":1985,"fertility":6.217,"life_expect":66.295,"p_fertility":7.015,"n_fertility":5.446,"p_life_expect":63.012,"n_life_expect":68.768,"country":"Saudi Arabia"},{"year":1990,"fertility":5.446,"life_expect":68.768,"p_fertility":6.217,"n_fertility":4.621,"p_life_expect":66.295,"n_life_expect":70.533,"country":"Saudi Arabia"},{"year":1995,"fertility":4.621,"life_expect":70.533,"p_fertility":5.446,"n_fertility":3.81,"p_life_expect":68.768,"n_life_expect":71.626,"country":"Saudi Arabia"},{"year":2000,"fertility":3.81,"life_expect":71.626,"p_fertility":4.621,"p_life_expect":70.533,"country":"Saudi Arabia"},{"year":1955,"fertility":6.5,"life_expect":47.985,"n_fertility":6.3,"n_life_expect":49.951,"country":"South Africa"},{"year":1960,"fertility":6.3,"life_expect":49.951,"p_fertility":6.5,"n_fertility":5.7,"p_life_expect":47.985,"n_life_expect":51.927,"country":"South Africa"},{"year":1965,"fertility":5.7,"life_expect":51.927,"p_fertility":6.3,"n_fertility":5.47,"p_life_expect":49.951,"n_life_expect":53.696,"country":"South Africa"},{"year":1970,"fertility":5.47,"life_expect":53.696,"p_fertility":5.7,"n_fertility":5,"p_life_expect":51.927,"n_life_expect":55.527,"country":"South Africa"},{"year":1975,"fertility":5,"life_expect":55.527,"p_fertility":5.47,"n_fertility":4.556,"p_life_expect":53.696,"n_life_expect":58.161,"country":"South Africa"},{"year":1980,"fertility":4.556,"life_expect":58.161,"p_fertility":5,"n_fertility":3.85,"p_life_expect":55.527,"n_life_expect":60.834,"country":"South Africa"},{"year":1985,"fertility":3.85,"life_expect":60.834,"p_fertility":4.556,"n_fertility":3.343,"p_life_expect":58.161,"n_life_expect":61.888,"country":"South Africa"},{"year":1990,"fertility":3.343,"life_expect":61.888,"p_fertility":3.85,"n_fertility":2.954,"p_life_expect":60.834,"n_life_expect":60.236,"country":"South Africa"},{"year":1995,"fertility":2.954,"life_expect":60.236,"p_fertility":3.343,"n_fertility":2.802,"p_life_expect":61.888,"n_life_expect":53.365,"country":"South Africa"},{"year":2000,"fertility":2.802,"life_expect":53.365,"p_fertility":2.954,"p_life_expect":60.236,"country":"South Africa"},{"year":1955,"fertility":2.75,"life_expect":66.66,"n_fertility":2.89,"n_life_expect":69.69,"country":"Spain"},{"year":1960,"fertility":2.89,"life_expect":69.69,"p_fertility":2.75,"n_fertility":2.92,"p_life_expect":66.66,"n_life_expect":71.44,"country":"Spain"},{"year":1965,"fertility":2.92,"life_expect":71.44,"p_fertility":2.89,"n_fertility":2.86,"p_life_expect":69.69,"n_life_expect":73.06,"country":"Spain"},{"year":1970,"fertility":2.86,"life_expect":73.06,"p_fertility":2.92,"n_fertility":2.57,"p_life_expect":71.44,"n_life_expect":74.39,"country":"Spain"},{"year":1975,"fertility":2.57,"life_expect":74.39,"p_fertility":2.86,"n_fertility":1.89,"p_life_expect":73.06,"n_life_expect":76.3,"country":"Spain"},{"year":1980,"fertility":1.89,"life_expect":76.3,"p_fertility":2.57,"n_fertility":1.48,"p_life_expect":74.39,"n_life_expect":76.9,"country":"Spain"},{"year":1985,"fertility":1.48,"life_expect":76.9,"p_fertility":1.89,"n_fertility":1.27,"p_life_expect":76.3,"n_life_expect":77.57,"country":"Spain"},{"year":1990,"fertility":1.27,"life_expect":77.57,"p_fertility":1.48,"n_fertility":1.182,"p_life_expect":76.9,"n_life_expect":78.77,"country":"Spain"},{"year":1995,"fertility":1.182,"life_expect":78.77,"p_fertility":1.27,"n_fertility":1.287,"p_life_expect":77.57,"n_life_expect":79.78,"country":"Spain"},{"year":2000,"fertility":1.287,"life_expect":79.78,"p_fertility":1.182,"p_life_expect":78.77,"country":"Spain"},{"year":1955,"fertility":2.34,"life_expect":70.56,"n_fertility":2.51,"n_life_expect":71.32,"country":"Switzerland"},{"year":1960,"fertility":2.51,"life_expect":71.32,"p_fertility":2.34,"n_fertility":2.27,"p_life_expect":70.56,"n_life_expect":72.77,"country":"Switzerland"},{"year":1965,"fertility":2.27,"life_expect":72.77,"p_fertility":2.51,"n_fertility":1.82,"p_life_expect":71.32,"n_life_expect":73.78,"country":"Switzerland"},{"year":1970,"fertility":1.82,"life_expect":73.78,"p_fertility":2.27,"n_fertility":1.53,"p_life_expect":72.77,"n_life_expect":75.39,"country":"Switzerland"},{"year":1975,"fertility":1.53,"life_expect":75.39,"p_fertility":1.82,"n_fertility":1.53,"p_life_expect":73.78,"n_life_expect":76.21,"country":"Switzerland"},{"year":1980,"fertility":1.53,"life_expect":76.21,"p_fertility":1.53,"n_fertility":1.53,"p_life_expect":75.39,"n_life_expect":77.41,"country":"Switzerland"},{"year":1985,"fertility":1.53,"life_expect":77.41,"p_fertility":1.53,"n_fertility":1.54,"p_life_expect":76.21,"n_life_expect":78.03,"country":"Switzerland"},{"year":1990,"fertility":1.54,"life_expect":78.03,"p_fertility":1.53,"n_fertility":1.47,"p_life_expect":77.41,"n_life_expect":79.37,"country":"Switzerland"},{"year":1995,"fertility":1.47,"life_expect":79.37,"p_fertility":1.54,"n_fertility":1.415,"p_life_expect":78.03,"n_life_expect":80.62,"country":"Switzerland"},{"year":2000,"fertility":1.415,"life_expect":80.62,"p_fertility":1.47,"p_life_expect":79.37,"country":"Switzerland"},{"year":1955,"fertility":6.6,"life_expect":48.079,"n_fertility":6.19,"n_life_expect":52.098,"country":"Turkey"},{"year":1960,"fertility":6.19,"life_expect":52.098,"p_fertility":6.6,"n_fertility":5.7,"p_life_expect":48.079,"n_life_expect":54.336,"country":"Turkey"},{"year":1965,"fertility":5.7,"life_expect":54.336,"p_fertility":6.19,"n_fertility":5.3,"p_life_expect":52.098,"n_life_expect":57.005,"country":"Turkey"},{"year":1970,"fertility":5.3,"life_expect":57.005,"p_fertility":5.7,"n_fertility":4.715,"p_life_expect":54.336,"n_life_expect":59.507,"country":"Turkey"},{"year":1975,"fertility":4.715,"life_expect":59.507,"p_fertility":5.3,"n_fertility":4.15,"p_life_expect":57.005,"n_life_expect":61.036,"country":"Turkey"},{"year":1980,"fertility":4.15,"life_expect":61.036,"p_fertility":4.715,"n_fertility":3.276,"p_life_expect":59.507,"n_life_expect":63.108,"country":"Turkey"},{"year":1985,"fertility":3.276,"life_expect":63.108,"p_fertility":4.15,"n_fertility":2.904,"p_life_expect":61.036,"n_life_expect":66.146,"country":"Turkey"},{"year":1990,"fertility":2.904,"life_expect":66.146,"p_fertility":3.276,"n_fertility":2.574,"p_life_expect":63.108,"n_life_expect":68.835,"country":"Turkey"},{"year":1995,"fertility":2.574,"life_expect":68.835,"p_fertility":2.904,"n_fertility":2.23,"p_life_expect":66.146,"n_life_expect":70.845,"country":"Turkey"},{"year":2000,"fertility":2.23,"life_expect":70.845,"p_fertility":2.574,"p_life_expect":68.835,"country":"Turkey"},{"year":1955,"fertility":2.49,"life_expect":70.42,"n_fertility":2.81,"n_life_expect":70.76,"country":"United Kingdom"},{"year":1960,"fertility":2.81,"life_expect":70.76,"p_fertility":2.49,"n_fertility":2.52,"p_life_expect":70.42,"n_life_expect":71.36,"country":"United Kingdom"},{"year":1965,"fertility":2.52,"life_expect":71.36,"p_fertility":2.81,"n_fertility":2.04,"p_life_expect":70.76,"n_life_expect":72.01,"country":"United Kingdom"},{"year":1970,"fertility":2.04,"life_expect":72.01,"p_fertility":2.52,"n_fertility":1.72,"p_life_expect":71.36,"n_life_expect":72.76,"country":"United Kingdom"},{"year":1975,"fertility":1.72,"life_expect":72.76,"p_fertility":2.04,"n_fertility":1.8,"p_life_expect":72.01,"n_life_expect":74.04,"country":"United Kingdom"},{"year":1980,"fertility":1.8,"life_expect":74.04,"p_fertility":1.72,"n_fertility":1.81,"p_life_expect":72.76,"n_life_expect":75.007,"country":"United Kingdom"},{"year":1985,"fertility":1.81,"life_expect":75.007,"p_fertility":1.8,"n_fertility":1.78,"p_life_expect":74.04,"n_life_expect":76.42,"country":"United Kingdom"},{"year":1990,"fertility":1.78,"life_expect":76.42,"p_fertility":1.81,"n_fertility":1.7,"p_life_expect":75.007,"n_life_expect":77.218,"country":"United Kingdom"},{"year":1995,"fertility":1.7,"life_expect":77.218,"p_fertility":1.78,"n_fertility":1.695,"p_life_expect":76.42,"n_life_expect":78.471,"country":"United Kingdom"},{"year":2000,"fertility":1.695,"life_expect":78.471,"p_fertility":1.7,"p_life_expect":77.218,"country":"United Kingdom"},{"year":1955,"fertility":3.706,"life_expect":69.49,"n_fertility":3.314,"n_life_expect":70.21,"country":"United States"},{"year":1960,"fertility":3.314,"life_expect":70.21,"p_fertility":3.706,"n_fertility":2.545,"p_life_expect":69.49,"n_life_expect":70.76,"country":"United States"},{"year":1965,"fertility":2.545,"life_expect":70.76,"p_fertility":3.314,"n_fertility":2.016,"p_life_expect":70.21,"n_life_expect":71.34,"country":"United States"},{"year":1970,"fertility":2.016,"life_expect":71.34,"p_fertility":2.545,"n_fertility":1.788,"p_life_expect":70.76,"n_life_expect":73.38,"country":"United States"},{"year":1975,"fertility":1.788,"life_expect":73.38,"p_fertility":2.016,"n_fertility":1.825,"p_life_expect":71.34,"n_life_expect":74.65,"country":"United States"},{"year":1980,"fertility":1.825,"life_expect":74.65,"p_fertility":1.788,"n_fertility":1.924,"p_life_expect":73.38,"n_life_expect":75.02,"country":"United States"},{"year":1985,"fertility":1.924,"life_expect":75.02,"p_fertility":1.825,"n_fertility":2.025,"p_life_expect":74.65,"n_life_expect":76.09,"country":"United States"},{"year":1990,"fertility":2.025,"life_expect":76.09,"p_fertility":1.924,"n_fertility":1.994,"p_life_expect":75.02,"n_life_expect":76.81,"country":"United States"},{"year":1995,"fertility":1.994,"life_expect":76.81,"p_fertility":2.025,"n_fertility":2.038,"p_life_expect":76.09,"n_life_expect":77.31,"country":"United States"},{"year":2000,"fertility":2.038,"life_expect":77.31,"p_fertility":1.994,"p_life_expect":76.81,"country":"United States"},{"year":1955,"fertility":6.4585,"life_expect":57.907,"n_fertility":6.657,"n_life_expect":60.77,"country":"Venezuela"},{"year":1960,"fertility":6.657,"life_expect":60.77,"p_fertility":6.4585,"n_fertility":5.9045,"p_life_expect":57.907,"n_life_expect":63.479,"country":"Venezuela"},{"year":1965,"fertility":5.9045,"life_expect":63.479,"p_fertility":6.657,"n_fertility":4.941,"p_life_expect":60.77,"n_life_expect":65.712,"country":"Venezuela"},{"year":1970,"fertility":4.941,"life_expect":65.712,"p_fertility":5.9045,"n_fertility":4.4685,"p_life_expect":63.479,"n_life_expect":67.456,"country":"Venezuela"},{"year":1975,"fertility":4.4685,"life_expect":67.456,"p_fertility":4.941,"n_fertility":3.957,"p_life_expect":65.712,"n_life_expect":68.557,"country":"Venezuela"},{"year":1980,"fertility":3.957,"life_expect":68.557,"p_fertility":4.4685,"n_fertility":3.6485,"p_life_expect":67.456,"n_life_expect":70.19,"country":"Venezuela"},{"year":1985,"fertility":3.6485,"life_expect":70.19,"p_fertility":3.957,"n_fertility":3.25,"p_life_expect":68.557,"n_life_expect":71.15,"country":"Venezuela"},{"year":1990,"fertility":3.25,"life_expect":71.15,"p_fertility":3.6485,"n_fertility":2.9415,"p_life_expect":70.19,"n_life_expect":72.146,"country":"Venezuela"},{"year":1995,"fertility":2.9415,"life_expect":72.146,"p_fertility":3.25,"n_fertility":2.723,"p_life_expect":71.15,"n_life_expect":72.766,"country":"Venezuela"},{"year":2000,"fertility":2.723,"life_expect":72.766,"p_fertility":2.9415,"p_life_expect":72.146,"country":"Venezuela"}]
