[
	{
		"T_Cob": 20170922,
		"A_Chain": "Bank",
		"A_Sec_Unsec": "Unsecured",
		"A_ProductLevel1": "empty",
		"LessThan1y": -532.750016,
		"Between1_5y": -456.7549449,
		"MoreThan5y": 20.57629604,
		"Total": -968.9286649
	},
	{
		"T_Cob": 20170922,
		"A_Chain": "Bank",
		"A_Sec_Unsec": "Unsecured",
		"A_ProductLevel1": "Commodities",
		"LessThan1y": -798.566332,
		"Between1_5y": -182.4216471,
		"MoreThan5y": -517.9144409,
		"Total": -1498.90242
	},
	{
		"T_Cob": 20170922,
		"A_Chain": "Bank",
		"A_Sec_Unsec": "Unsecured",
		"A_ProductLevel1": "Credit",
		"LessThan1y": 2.13577588,
		"Between1_5y": -0.36413335,
		"MoreThan5y": 0.24894,
		"Total": 2.02058253
	},
	{
		"T_Cob": 20170922,
		"A_Chain": "Bank",
		"A_Sec_Unsec": "Unsecured",
		"A_ProductLevel1": "Equities",
		"LessThan1y": 5.7809912,
		"Between1_5y": -2.68638563,
		"MoreThan5y": -0.0371265,
		"Total": 3.05747907
	},
	{
		"T_Cob": 20170922,
		"A_Chain": "Bank",
		"A_Sec_Unsec": "Unsecured",
		"A_ProductLevel1": "FX",
		"LessThan1y": 22.21755372,
		"Between1_5y": -20.30983167,
		"MoreThan5y": -1.67013048,
		"Total": 0.23759157
	},
	{
		"T_Cob": 20170922,
		"A_Chain": "Bank",
		"A_Sec_Unsec": "Unsecured",
		"A_ProductLevel1": "FX Depo",
		"LessThan1y": 0.46189021,
		"Between1_5y": 0,
		"MoreThan5y": 0,
		"Total": 0.46189021
	},
	{
		"T_Cob": 20170922,
		"A_Chain": "Bank",
		"A_Sec_Unsec": "Unsecured",
		"A_ProductLevel1": "FX Forward",
		"LessThan1y": 667.9912964,
		"Between1_5y": 158.5893649,
		"MoreThan5y": 3.75368957,
		"Total": 830.3343509
	},
	{
		"T_Cob": 20170922,
		"A_Chain": "Bank",
		"A_Sec_Unsec": "Unsecured",
		"A_ProductLevel1": "FX Option",
		"LessThan1y": 21.12158857,
		"Between1_5y": 26.35838687,
		"MoreThan5y": -18.61047386,
		"Total": 28.86950158
	},
	{
		"T_Cob": 20170922,
		"A_Chain": "Bank",
		"A_Sec_Unsec": "Unsecured",
		"A_ProductLevel1": "Non Derivative",
		"LessThan1y": 881.416413,
		"Between1_5y": 91.84792793,
		"MoreThan5y": 0.2876523,
		"Total": 973.5519932
	},
	{
		"T_Cob": 20170922,
		"A_Chain": "Bank",
		"A_Sec_Unsec": "Unsecured",
		"A_ProductLevel1": "Other",
		"LessThan1y": 1902.696648,
		"Between1_5y": 5201.486164,
		"MoreThan5y": 7140.000007,
		"Total": 14244.18282
	},
	{
		"T_Cob": 20170922,
		"A_Chain": "Bank",
		"A_Sec_Unsec": "Unsecured",
		"A_ProductLevel1": "Rates",
		"LessThan1y": -2.442110647,
		"Between1_5y": -55.99510577,
		"MoreThan5y": 12.58060439,
		"Total": -45.85661202
	},
	{
		"T_Cob": 20170922,
		"A_Chain": "Bank",
		"A_Sec_Unsec": "Unsecured",
		"A_ProductLevel1": "Unknown",
		"LessThan1y": 505.8548629,
		"Between1_5y": -2.48296802,
		"MoreThan5y": 0,
		"Total": 503.3718949
	},
	{
		"T_Cob": 20170922,
		"A_Chain": "Bank",
		"A_Sec_Unsec": "Unsecured",
		"A_ProductLevel1": "Warrants",
		"LessThan1y": 0,
		"Between1_5y": -0.003436117,
		"MoreThan5y": 0,
		"Total": -0.003436117
	},
	{
		"T_Cob": 20170922,
		"A_Chain": "Bank",
		"A_Sec_Unsec": "Secured",
		"A_ProductLevel1": "empty",
		"LessThan1y": 69.68301594,
		"Between1_5y": -97.35019609,
		"MoreThan5y": -77.62401571,
		"Total": -105.2911959
	},
	{
		"T_Cob": 20170922,
		"A_Chain": "Bank",
		"A_Sec_Unsec": "Secured",
		"A_ProductLevel1": "Commodities",
		"LessThan1y": -28.92651116,
		"Between1_5y": -393.6109227,
		"MoreThan5y": -92.76608266,
		"Total": -515.3035165
	},
	{
		"T_Cob": 20170922,
		"A_Chain": "Bank",
		"A_Sec_Unsec": "Secured",
		"A_ProductLevel1": "Credit",
		"LessThan1y": -2.111617,
		"Between1_5y": 0.364134838,
		"MoreThan5y": -0.24894,
		"Total": -1.996422162
	},
	{
		"T_Cob": 20170922,
		"A_Chain": "Bank",
		"A_Sec_Unsec": "Secured",
		"A_ProductLevel1": "Equities",
		"LessThan1y": -82.16233176,
		"Between1_5y": -0.461027051,
		"MoreThan5y": 0.17903821,
		"Total": -82.4443206
	},
	{
		"T_Cob": 20170922,
		"A_Chain": "Bank",
		"A_Sec_Unsec": "Secured",
		"A_ProductLevel1": "FX",
		"LessThan1y": -55.99930021,
		"Between1_5y": -54.47230235,
		"MoreThan5y": -39.50191421,
		"Total": -149.9735168
	},
	{
		"T_Cob": 20170922,
		"A_Chain": "Bank",
		"A_Sec_Unsec": "Secured",
		"A_ProductLevel1": "FX Depo",
		"LessThan1y": 0.02238052,
		"Between1_5y": 0,
		"MoreThan5y": 0,
		"Total": 0.02238052
	},
	{
		"T_Cob": 20170922,
		"A_Chain": "Bank",
		"A_Sec_Unsec": "Secured",
		"A_ProductLevel1": "FX Forward",
		"LessThan1y": -3640.765876,
		"Between1_5y": -370.5678198,
		"MoreThan5y": 3.72270801,
		"Total": -4007.610988
	},
	{
		"T_Cob": 20170922,
		"A_Chain": "Bank",
		"A_Sec_Unsec": "Secured",
		"A_ProductLevel1": "FX Option",
		"LessThan1y": -75.99435664,
		"Between1_5y": 251.4093808,
		"MoreThan5y": 27.40200666,
		"Total": 202.8170308
	},
	{
		"T_Cob": 20170922,
		"A_Chain": "Bank",
		"A_Sec_Unsec": "Secured",
		"A_ProductLevel1": "FX Swap",
		"LessThan1y": 0.50616854,
		"Between1_5y": 0,
		"MoreThan5y": 0,
		"Total": 0.50616854
	},
	{
		"T_Cob": 20170922,
		"A_Chain": "Bank",
		"A_Sec_Unsec": "Secured",
		"A_ProductLevel1": "Loans",
		"LessThan1y": -1.13968189,
		"Between1_5y": 0.0020872,
		"MoreThan5y": 0.078625,
		"Total": -1.05896969
	},
	{
		"T_Cob": 20170922,
		"A_Chain": "Bank",
		"A_Sec_Unsec": "Secured",
		"A_ProductLevel1": "Non Derivative",
		"LessThan1y": -15.90558803,
		"Between1_5y": 0,
		"MoreThan5y": 27.43730494,
		"Total": 11.53171691
	},
	{
		"T_Cob": 20170922,
		"A_Chain": "Bank",
		"A_Sec_Unsec": "Secured",
		"A_ProductLevel1": "Other",
		"LessThan1y": 2845.605313,
		"Between1_5y": 5949.487272,
		"MoreThan5y": -761.7731113,
		"Total": 8033.319474
	},
	{
		"T_Cob": 20170922,
		"A_Chain": "Bank",
		"A_Sec_Unsec": "Secured",
		"A_ProductLevel1": "Rates",
		"LessThan1y": -110.6195341,
		"Between1_5y": -762.6671254,
		"MoreThan5y": -495.1393018,
		"Total": -1368.425961
	},
	{
		"T_Cob": 20170922,
		"A_Chain": "Bank",
		"A_Sec_Unsec": "Secured",
		"A_ProductLevel1": "Volatility",
		"LessThan1y": -0.29341314,
		"Between1_5y": 0.23975561,
		"MoreThan5y": 0,
		"Total": -0.05365753
	},
	{
		"T_Cob": 20170922,
		"A_Chain": "Broker-Dealer",
		"A_Sec_Unsec": "Unsecured",
		"A_ProductLevel1": "empty",
		"LessThan1y": -197.1085175,
		"Between1_5y": -886.6107386,
		"MoreThan5y": -2308.022881,
		"Total": -3391.742137
	},
	{
		"T_Cob": 20170922,
		"A_Chain": "Broker-Dealer",
		"A_Sec_Unsec": "Unsecured",
		"A_ProductLevel1": "Commodities",
		"LessThan1y": -101.5665212,
		"Between1_5y": 15.91233129,
		"MoreThan5y": 23.76142286,
		"Total": -61.89276707
	},
	{
		"T_Cob": 20170922,
		"A_Chain": "Broker-Dealer",
		"A_Sec_Unsec": "Unsecured",
		"A_ProductLevel1": "Credit",
		"LessThan1y": 0,
		"Between1_5y": 1.66944629,
		"MoreThan5y": -5.68,
		"Total": -4.01055371
	},
	{
		"T_Cob": 20170922,
		"A_Chain": "Broker-Dealer",
		"A_Sec_Unsec": "Unsecured",
		"A_ProductLevel1": "FX",
		"LessThan1y": 5.08145163,
		"Between1_5y": 0,
		"MoreThan5y": 0,
		"Total": 5.08145163
	},
	{
		"T_Cob": 20170922,
		"A_Chain": "Broker-Dealer",
		"A_Sec_Unsec": "Unsecured",
		"A_ProductLevel1": "FX Forward",
		"LessThan1y": -497.6913066,
		"Between1_5y": -0.50552267,
		"MoreThan5y": 0.01999876,
		"Total": -498.1768305
	},
	{
		"T_Cob": 20170922,
		"A_Chain": "Broker-Dealer",
		"A_Sec_Unsec": "Unsecured",
		"A_ProductLevel1": "FX Option",
		"LessThan1y": 39.54948718,
		"Between1_5y": 0,
		"MoreThan5y": 0,
		"Total": 39.54948718
	},
	{
		"T_Cob": 20170922,
		"A_Chain": "Broker-Dealer",
		"A_Sec_Unsec": "Unsecured",
		"A_ProductLevel1": "Non Derivative",
		"LessThan1y": 5.2946477,
		"Between1_5y": -1.01993569,
		"MoreThan5y": 0,
		"Total": 4.27471201
	},
	{
		"T_Cob": 20170922,
		"A_Chain": "Broker-Dealer",
		"A_Sec_Unsec": "Unsecured",
		"A_ProductLevel1": "Other",
		"LessThan1y": -1694.61523,
		"Between1_5y": -611.6225926,
		"MoreThan5y": 231.5158433,
		"Total": -2074.721979
	},
	{
		"T_Cob": 20170922,
		"A_Chain": "Broker-Dealer",
		"A_Sec_Unsec": "Unsecured",
		"A_ProductLevel1": "Rates",
		"LessThan1y": -11.5466612,
		"Between1_5y": -0.01185099,
		"MoreThan5y": -2.713527771,
		"Total": -14.27203996
	},
	{
		"T_Cob": 20170922,
		"A_Chain": "Broker-Dealer",
		"A_Sec_Unsec": "Unsecured",
		"A_ProductLevel1": "Unknown",
		"LessThan1y": 27.48209913,
		"Between1_5y": 0.0275016,
		"MoreThan5y": 0,
		"Total": 27.50960073
	},
	{
		"T_Cob": 20170922,
		"A_Chain": "Broker-Dealer",
		"A_Sec_Unsec": "Unsecured",
		"A_ProductLevel1": "Warrants",
		"LessThan1y": -1048.709271,
		"Between1_5y": -417.2345492,
		"MoreThan5y": 0,
		"Total": -1465.94382
	},
	{
		"T_Cob": 20170922,
		"A_Chain": "Broker-Dealer",
		"A_Sec_Unsec": "Secured",
		"A_ProductLevel1": "empty",
		"LessThan1y": -28.32385007,
		"Between1_5y": 21.70130504,
		"MoreThan5y": -402.2315335,
		"Total": -408.8540785
	},
	{
		"T_Cob": 20170922,
		"A_Chain": "Broker-Dealer",
		"A_Sec_Unsec": "Secured",
		"A_ProductLevel1": "Commodities",
		"LessThan1y": 263.6944353,
		"Between1_5y": -67.67728831,
		"MoreThan5y": -3314.493776,
		"Total": -3118.476629
	},
	{
		"T_Cob": 20170922,
		"A_Chain": "Broker-Dealer",
		"A_Sec_Unsec": "Secured",
		"A_ProductLevel1": "Equities",
		"LessThan1y": -1.035854299,
		"Between1_5y": 3.32213822,
		"MoreThan5y": 0,
		"Total": 2.286283922
	},
	{
		"T_Cob": 20170922,
		"A_Chain": "Broker-Dealer",
		"A_Sec_Unsec": "Secured",
		"A_ProductLevel1": "FX",
		"LessThan1y": -68.0073931,
		"Between1_5y": 0.73118787,
		"MoreThan5y": -4e-8,
		"Total": -67.27620527
	},
	{
		"T_Cob": 20170922,
		"A_Chain": "Broker-Dealer",
		"A_Sec_Unsec": "Secured",
		"A_ProductLevel1": "FX Forward",
		"LessThan1y": 536.9675217,
		"Between1_5y": -0.2474274,
		"MoreThan5y": -0.01981175,
		"Total": 536.7002826
	},
	{
		"T_Cob": 20170922,
		"A_Chain": "Broker-Dealer",
		"A_Sec_Unsec": "Secured",
		"A_ProductLevel1": "FX Option",
		"LessThan1y": -38.32911943,
		"Between1_5y": -0.864209635,
		"MoreThan5y": 8.421e-7,
		"Total": -39.19332823
	},
	{
		"T_Cob": 20170922,
		"A_Chain": "Broker-Dealer",
		"A_Sec_Unsec": "Secured",
		"A_ProductLevel1": "FX Swap",
		"LessThan1y": -4e-8,
		"Between1_5y": 0,
		"MoreThan5y": 0,
		"Total": -4e-8
	},
	{
		"T_Cob": 20170922,
		"A_Chain": "Broker-Dealer",
		"A_Sec_Unsec": "Secured",
		"A_ProductLevel1": "Loans",
		"LessThan1y": 0.00675,
		"Between1_5y": -0.42481511,
		"MoreThan5y": 0,
		"Total": -0.41806511
	},
	{
		"T_Cob": 20170922,
		"A_Chain": "Broker-Dealer",
		"A_Sec_Unsec": "Secured",
		"A_ProductLevel1": "Other",
		"LessThan1y": -1188.436433,
		"Between1_5y": -2772.548628,
		"MoreThan5y": 4268.921365,
		"Total": 307.9363034
	},
	{
		"T_Cob": 20170922,
		"A_Chain": "Broker-Dealer",
		"A_Sec_Unsec": "Secured",
		"A_ProductLevel1": "Rates",
		"LessThan1y": -27.92428403,
		"Between1_5y": -50.92872184,
		"MoreThan5y": -345.8264564,
		"Total": -424.6794623
	},
	{
		"T_Cob": 20170922,
		"A_Chain": "Broker-Dealer",
		"A_Sec_Unsec": "Secured",
		"A_ProductLevel1": "Volatility",
		"LessThan1y": 3.4e-7,
		"Between1_5y": 0,
		"MoreThan5y": 0,
		"Total": 3.4e-7
	},
	{
		"T_Cob": 20170922,
		"A_Chain": "Non Bank",
		"A_Sec_Unsec": "Unsecured",
		"A_ProductLevel1": "empty",
		"LessThan1y": -461.9182192,
		"Between1_5y": -2090.468297,
		"MoreThan5y": -9306.524736,
		"Total": -11858.91125
	},
	{
		"T_Cob": 20170922,
		"A_Chain": "Non Bank",
		"A_Sec_Unsec": "Unsecured",
		"A_ProductLevel1": "FX",
		"LessThan1y": 1.22527958,
		"Between1_5y": 0,
		"MoreThan5y": 0,
		"Total": 1.22527958
	},
	{
		"T_Cob": 20170922,
		"A_Chain": "Non Bank",
		"A_Sec_Unsec": "Unsecured",
		"A_ProductLevel1": "FX Forward",
		"LessThan1y": 44.49363008,
		"Between1_5y": -2.32452317,
		"MoreThan5y": "",
		"Total": 42.16910691
	},
	{
		"T_Cob": 20170922,
		"A_Chain": "Non Bank",
		"A_Sec_Unsec": "Unsecured",
		"A_ProductLevel1": "Other",
		"LessThan1y": -662.8079715,
		"Between1_5y": -658.2440796,
		"MoreThan5y": -111.3171188,
		"Total": -1432.36917
	},
	{
		"T_Cob": 20170922,
		"A_Chain": "Non Bank",
		"A_Sec_Unsec": "Unsecured",
		"A_ProductLevel1": "Rates",
		"LessThan1y": -8.66193393,
		"Between1_5y": 1.14440053,
		"MoreThan5y": 83.82167767,
		"Total": 76.30414427
	},
	{
		"T_Cob": 20170922,
		"A_Chain": "Non Bank",
		"A_Sec_Unsec": "Secured",
		"A_ProductLevel1": "empty",
		"LessThan1y": 50.26401804,
		"Between1_5y": -0.2653759,
		"MoreThan5y": -1141.496746,
		"Total": -1091.498104
	},
	{
		"T_Cob": 20170922,
		"A_Chain": "Non Bank",
		"A_Sec_Unsec": "Secured",
		"A_ProductLevel1": "Commodities",
		"LessThan1y": 5.757966502,
		"Between1_5y": -0.58733546,
		"MoreThan5y": 0,
		"Total": 5.170631042
	},
	{
		"T_Cob": 20170922,
		"A_Chain": "Non Bank",
		"A_Sec_Unsec": "Secured",
		"A_ProductLevel1": "FX",
		"LessThan1y": -0.014865,
		"Between1_5y": 0,
		"MoreThan5y": 0,
		"Total": -0.014865
	},
	{
		"T_Cob": 20170922,
		"A_Chain": "Non Bank",
		"A_Sec_Unsec": "Secured",
		"A_ProductLevel1": "FX Forward",
		"LessThan1y": -206.880183,
		"Between1_5y": 0.58514,
		"MoreThan5y": 0,
		"Total": -206.295043
	},
	{
		"T_Cob": 20170922,
		"A_Chain": "Non Bank",
		"A_Sec_Unsec": "Secured",
		"A_ProductLevel1": "FX Option",
		"LessThan1y": 29.077292,
		"Between1_5y": 0,
		"MoreThan5y": 0,
		"Total": 29.077292
	},
	{
		"T_Cob": 20170922,
		"A_Chain": "Non Bank",
		"A_Sec_Unsec": "Secured",
		"A_ProductLevel1": "Other",
		"LessThan1y": 103.8718325,
		"Between1_5y": -468.7385041,
		"MoreThan5y": -95.73190482,
		"Total": -460.5985764
	},
	{
		"T_Cob": 20170922,
		"A_Chain": "Non Bank",
		"A_Sec_Unsec": "Secured",
		"A_ProductLevel1": "Rates",
		"LessThan1y": -71.486501,
		"Between1_5y": 1175.967455,
		"MoreThan5y": 2969.50529,
		"Total": 4073.986244
	},
	{
		"T_Cob": 20170922,
		"A_Chain": "UNKNOWN",
		"A_Sec_Unsec": "Unsecured",
		"A_ProductLevel1": "empty",
		"LessThan1y": 5.54450594,
		"Between1_5y": 100.2553462,
		"MoreThan5y": 10.80125588,
		"Total": 116.601108
	},
	{
		"T_Cob": 20170922,
		"A_Chain": "UNKNOWN",
		"A_Sec_Unsec": "Unsecured",
		"A_ProductLevel1": "FX Forward",
		"LessThan1y": 0.00113831,
		"Between1_5y": 0,
		"MoreThan5y": 0,
		"Total": 0.00113831
	},
	{
		"T_Cob": 20170922,
		"A_Chain": "UNKNOWN",
		"A_Sec_Unsec": "Unsecured",
		"A_ProductLevel1": "Non Derivative",
		"LessThan1y": 0.51861107,
		"Between1_5y": 0,
		"MoreThan5y": 0,
		"Total": 0.51861107
	},
	{
		"T_Cob": 20170922,
		"A_Chain": "UNKNOWN",
		"A_Sec_Unsec": "Unsecured",
		"A_ProductLevel1": "Other",
		"LessThan1y": 0,
		"Between1_5y": 0,
		"MoreThan5y": -0.268125,
		"Total": -0.268125
	},
	{
		"T_Cob": 20170922,
		"A_Chain": "UNKNOWN",
		"A_Sec_Unsec": "Secured",
		"A_ProductLevel1": "empty",
		"LessThan1y": -1.130235063,
		"Between1_5y": -1.232315576,
		"MoreThan5y": -1.978412615,
		"Total": -4.340963254
	},
	{
		"T_Cob": 20170922,
		"A_Chain": "UNKNOWN",
		"A_Sec_Unsec": "Secured",
		"A_ProductLevel1": "Other",
		"LessThan1y": 0.601575109,
		"Between1_5y": -10.36495734,
		"MoreThan5y": -27.49385205,
		"Total": -37.25723428
	},
	{
		"T_Cob": 20170922,
		"A_Chain": "Street",
		"A_Sec_Unsec": "Unsecured",
		"A_ProductLevel1": "empty",
		"LessThan1y": 0.01407941,
		"Between1_5y": 0,
		"MoreThan5y": 0,
		"Total": 0.01407941
	},
	{
		"T_Cob": 20170922,
		"A_Chain": "Street",
		"A_Sec_Unsec": "Secured",
		"A_ProductLevel1": "Other",
		"LessThan1y": 0,
		"Between1_5y": 0,
		"MoreThan5y": -0.74936925,
		"Total": -0.74936925
	},
	{
		"T_Cob": 20170922,
		"A_Chain": "UNKNOWN_other",
		"A_Sec_Unsec": "Secured",
		"A_ProductLevel1": "Other",
		"LessThan1y": 0,
		"Between1_5y": 0,
		"MoreThan5y": 0.11705843,
		"Total": 0.11705843
	}
]