[
  {
    "Candidate_Identification":"H4AL03061",
    "Candidate_Name":"SMITH, JESSE TREMAIN",
    "Incumbent_Challenger_Status":"C",
    "Party_Code":1,
    "Party_Affiliation":"DEM",
    "Total_Receipts":3500,
    "Transfers_from_Authorized_Committees":"0",
    "Total_Disbursements":3500,
    "Transfers_to_Authorized_Committees":0,
    "Beginning_Cash":0,
    "Ending_Cash":0,
    "Contributions_from_Candidate":3500,
    "Loans_from_Candidate":0,
    "Other_Loans":"0",
    "Candidate_Loan_Repayments":0,
    "Other_Loan_Repayments":3500,
    "Debts_Owed_By":0,
    "Total_Individual_Contributions":0,
    "Candidate_State":"AL",
    "Candidate_District":3,
    "Contributions_from_Other_Political_Committees":"0",
    "Contributions_from_Party_Committees":0,
    "Coverage_End_Date":"01/31/2015",
    "Refunds_to_Individuals":0,
    "Refunds_to_Committees":"0"
  },
  {
    "Candidate_Identification":"H4AR02166",
    "Candidate_Name":"REYNOLDS, CONRAD EARL",
    "Incumbent_Challenger_Status":"O",
    "Party_Code":2,
    "Party_Affiliation":"REP",
    "Total_Receipts":0,
    "Transfers_from_Authorized_Committees":"0",
    "Total_Disbursements":0,
    "Transfers_to_Authorized_Committees":0,
    "Beginning_Cash":0,
    "Ending_Cash":0,
    "Contributions_from_Candidate":0,
    "Loans_from_Candidate":0,
    "Other_Loans":"0",
    "Candidate_Loan_Repayments":0,
    "Other_Loan_Repayments":0,
    "Debts_Owed_By":0,
    "Total_Individual_Contributions":0,
    "Candidate_State":"AR",
    "Candidate_District":2,
    "Contributions_from_Other_Political_Committees":"0",
    "Contributions_from_Party_Committees":0,
    "Coverage_End_Date":"01/01/2015",
    "Refunds_to_Individuals":0,
    "Refunds_to_Committees":"0"
  },
  {
    "Candidate_Identification":"H0AZ01325",
    "Candidate_Name":"TOBIN, ANDY HON.",
    "Incumbent_Challenger_Status":"C",
    "Party_Code":2,
    "Party_Affiliation":"REP",
    "Total_Receipts":187.19,
    "Transfers_from_Authorized_Committees":"0",
    "Total_Disbursements":8352.74,
    "Transfers_to_Authorized_Committees":0,
    "Beginning_Cash":8240.37,
    "Ending_Cash":74.82,
    "Contributions_from_Candidate":0,
    "Loans_from_Candidate":0,
    "Other_Loans":"0",
    "Candidate_Loan_Repayments":0,
    "Other_Loan_Repayments":0,
    "Debts_Owed_By":0,
    "Total_Individual_Contributions":0,
    "Candidate_State":"AZ",
    "Candidate_District":1,
    "Contributions_from_Other_Political_Committees":"0",
    "Contributions_from_Party_Committees":0,
    "Coverage_End_Date":"01/26/2015",
    "Refunds_to_Individuals":0,
    "Refunds_to_Committees":"0"
  },
  {
    "Candidate_Identification":"H0AZ04493",
    "Candidate_Name":"CONTRERAS, JANET L",
    "Incumbent_Challenger_Status":"C",
    "Party_Code":2,
    "Party_Affiliation":"REP",
    "Total_Receipts":0,
    "Transfers_from_Authorized_Committees":"0",
    "Total_Disbursements":0,
    "Transfers_to_Authorized_Committees":0,
    "Beginning_Cash":0,
    "Ending_Cash":0,
    "Contributions_from_Candidate":0,
    "Loans_from_Candidate":0,
    "Other_Loans":"0",
    "Candidate_Loan_Repayments":0,
    "Other_Loan_Repayments":0,
    "Debts_Owed_By":25510,
    "Total_Individual_Contributions":0,
    "Candidate_State":"AZ",
    "Candidate_District":4,
    "Contributions_from_Other_Political_Committees":"0",
    "Contributions_from_Party_Committees":0,
    "Coverage_End_Date":"09/30/2015",
    "Refunds_to_Individuals":0,
    "Refunds_to_Committees":"0"
  },
  {
    "Candidate_Identification":"H4CA10075",
    "Candidate_Name":"EGGMAN, MICHAEL RAY",
    "Incumbent_Challenger_Status":"C",
    "Party_Code":1,
    "Party_Affiliation":"DEM",
    "Total_Receipts":104.26,
    "Transfers_from_Authorized_Committees":"0",
    "Total_Disbursements":3192.96,
    "Transfers_to_Authorized_Committees":0,
    "Beginning_Cash":3088.7,
    "Ending_Cash":0,
    "Contributions_from_Candidate":0,
    "Loans_from_Candidate":0,
    "Other_Loans":"0",
    "Candidate_Loan_Repayments":0,
    "Other_Loan_Repayments":0,
    "Debts_Owed_By":0,
    "Total_Individual_Contributions":0,
    "Candidate_State":"CA",
    "Candidate_District":10,
    "Contributions_from_Other_Political_Committees":"0",
    "Contributions_from_Party_Committees":0,
    "Coverage_End_Date":"01/27/2015",
    "Refunds_to_Individuals":0,
    "Refunds_to_Committees":"0"
  },
  {
    "Candidate_Identification":"H4CA18094",
    "Candidate_Name":"FOX, RICHARD B",
    "Incumbent_Challenger_Status":"C",
    "Party_Code":2,
    "Party_Affiliation":"REP",
    "Total_Receipts":0,
    "Transfers_from_Authorized_Committees":"0",
    "Total_Disbursements":762.75,
    "Transfers_to_Authorized_Committees":0,
    "Beginning_Cash":762.75,
    "Ending_Cash":0,
    "Contributions_from_Candidate":0,
    "Loans_from_Candidate":0,
    "Other_Loans":"0",
    "Candidate_Loan_Repayments":762.75,
    "Other_Loan_Repayments":0,
    "Debts_Owed_By":0,
    "Total_Individual_Contributions":0,
    "Candidate_State":"CA",
    "Candidate_District":18,
    "Contributions_from_Other_Political_Committees":"0",
    "Contributions_from_Party_Committees":0,
    "Coverage_End_Date":"01/26/2015",
    "Refunds_to_Individuals":0,
    "Refunds_to_Committees":"0"
  },
  {
    "Candidate_Identification":"H4CA21072",
    "Candidate_Name":"RENTERIA, AMANDA",
    "Incumbent_Challenger_Status":"C",
    "Party_Code":1,
    "Party_Affiliation":"DEM",
    "Total_Receipts":1901.71,
    "Transfers_from_Authorized_Committees":"0",
    "Total_Disbursements":36451.26,
    "Transfers_to_Authorized_Committees":0,
    "Beginning_Cash":34549.55,
    "Ending_Cash":0,
    "Contributions_from_Candidate":1000,
    "Loans_from_Candidate":0,
    "Other_Loans":"0",
    "Candidate_Loan_Repayments":0,
    "Other_Loan_Repayments":0,
    "Debts_Owed_By":0,
    "Total_Individual_Contributions":155,
    "Candidate_State":"CA",
    "Candidate_District":21,
    "Contributions_from_Other_Political_Committees":"0",
    "Contributions_from_Party_Committees":0,
    "Coverage_End_Date":"01/31/2015",
    "Refunds_to_Individuals":0,
    "Refunds_to_Committees":"0"
  },
  {
    "Candidate_Identification":"H4CA22104",
    "Candidate_Name":"MARRERO, SUZANNA AUGILERA",
    "Incumbent_Challenger_Status":"C",
    "Party_Code":1,
    "Party_Affiliation":"DEM",
    "Total_Receipts":318,
    "Transfers_from_Authorized_Committees":"0",
    "Total_Disbursements":345.95,
    "Transfers_to_Authorized_Committees":0,
    "Beginning_Cash":27.95,
    "Ending_Cash":0,
    "Contributions_from_Candidate":260,
    "Loans_from_Candidate":0,
    "Other_Loans":"0",
    "Candidate_Loan_Repayments":0,
    "Other_Loan_Repayments":0,
    "Debts_Owed_By":16937.37,
    "Total_Individual_Contributions":0,
    "Candidate_State":"CA",
    "Candidate_District":22,
    "Contributions_from_Other_Political_Committees":"0",
    "Contributions_from_Party_Committees":0,
    "Coverage_End_Date":"01/30/2015",
    "Refunds_to_Individuals":0,
    "Refunds_to_Committees":"0"
  },
  {
    "Candidate_Identification":"H4CO02094",
    "Candidate_Name":"LEING, GEORGE",
    "Incumbent_Challenger_Status":"C",
    "Party_Code":2,
    "Party_Affiliation":"REP",
    "Total_Receipts":0,
    "Transfers_from_Authorized_Committees":"0",
    "Total_Disbursements":0,
    "Transfers_to_Authorized_Committees":0,
    "Beginning_Cash":0,
    "Ending_Cash":0,
    "Contributions_from_Candidate":0,
    "Loans_from_Candidate":0,
    "Other_Loans":"0",
    "Candidate_Loan_Repayments":0,
    "Other_Loan_Repayments":0,
    "Debts_Owed_By":0,
    "Total_Individual_Contributions":0,
    "Candidate_State":"CO",
    "Candidate_District":2,
    "Contributions_from_Other_Political_Committees":"0",
    "Contributions_from_Party_Committees":0,
    "Coverage_End_Date":"01/31/2015",
    "Refunds_to_Individuals":0,
    "Refunds_to_Committees":"0"
  },
  {
    "Candidate_Identification":"H4CO04124",
    "Candidate_Name":"KIRKMEYER, BARBARA",
    "Incumbent_Challenger_Status":"O",
    "Party_Code":2,
    "Party_Affiliation":"REP",
    "Total_Receipts":0,
    "Transfers_from_Authorized_Committees":"0",
    "Total_Disbursements":0,
    "Transfers_to_Authorized_Committees":0,
    "Beginning_Cash":0,
    "Ending_Cash":0,
    "Contributions_from_Candidate":0,
    "Loans_from_Candidate":0,
    "Other_Loans":"0",
    "Candidate_Loan_Repayments":0,
    "Other_Loan_Repayments":0,
    "Debts_Owed_By":3860.12,
    "Total_Individual_Contributions":0,
    "Candidate_State":"CO",
    "Candidate_District":4,
    "Contributions_from_Other_Political_Committees":"0",
    "Contributions_from_Party_Committees":0,
    "Coverage_End_Date":"09/30/2015",
    "Refunds_to_Individuals":0,
    "Refunds_to_Committees":"0"
  },
  {
    "Candidate_Identification":"H8CO06138",
    "Candidate_Name":"COFFMAN, MIKE REP.",
    "Incumbent_Challenger_Status":"I",
    "Party_Code":2,
    "Party_Affiliation":"REP",
    "Total_Receipts":0,
    "Transfers_from_Authorized_Committees":"0",
    "Total_Disbursements":10710.85,
    "Transfers_to_Authorized_Committees":10672.24,
    "Beginning_Cash":10710.85,
    "Ending_Cash":0,
    "Contributions_from_Candidate":0,
    "Loans_from_Candidate":0,
    "Other_Loans":"0",
    "Candidate_Loan_Repayments":0,
    "Other_Loan_Repayments":0,
    "Debts_Owed_By":0,
    "Total_Individual_Contributions":0,
    "Candidate_State":"CO",
    "Candidate_District":6,
    "Contributions_from_Other_Political_Committees":"0",
    "Contributions_from_Party_Committees":0,
    "Coverage_End_Date":"01/30/2015",
    "Refunds_to_Individuals":0,
    "Refunds_to_Committees":"0"
  },
  {
    "Candidate_Identification":"H2DE00130",
    "Candidate_Name":"KOVACH, THOMAS H",
    "Incumbent_Challenger_Status":"C",
    "Party_Code":2,
    "Party_Affiliation":"REP",
    "Total_Receipts":0,
    "Transfers_from_Authorized_Committees":"0",
    "Total_Disbursements":0,
    "Transfers_to_Authorized_Committees":0,
    "Beginning_Cash":0,
    "Ending_Cash":0,
    "Contributions_from_Candidate":0,
    "Loans_from_Candidate":0,
    "Other_Loans":"0",
    "Candidate_Loan_Repayments":0,
    "Other_Loan_Repayments":0,
    "Debts_Owed_By":0,
    "Total_Individual_Contributions":0,
    "Candidate_State":"DE",
    "Candidate_District":0,
    "Contributions_from_Other_Political_Committees":"0",
    "Contributions_from_Party_Committees":0,
    "Coverage_End_Date":"01/01/2015",
    "Refunds_to_Individuals":0,
    "Refunds_to_Committees":"0"
  },
  {
    "Candidate_Identification":"H4FL03110",
    "Candidate_Name":"WHEELER, MARIHELEN HADDOCK",
    "Incumbent_Challenger_Status":"C",
    "Party_Code":1,
    "Party_Affiliation":"DEM",
    "Total_Receipts":0,
    "Transfers_from_Authorized_Committees":"0",
    "Total_Disbursements":14.95,
    "Transfers_to_Authorized_Committees":0,
    "Beginning_Cash":463.74,
    "Ending_Cash":448.79,
    "Contributions_from_Candidate":0,
    "Loans_from_Candidate":0,
    "Other_Loans":"0",
    "Candidate_Loan_Repayments":0,
    "Other_Loan_Repayments":0,
    "Debts_Owed_By":0,
    "Total_Individual_Contributions":0,
    "Candidate_State":"FL",
    "Candidate_District":3,
    "Contributions_from_Other_Political_Committees":"0",
    "Contributions_from_Party_Committees":0,
    "Coverage_End_Date":"01/30/2015",
    "Refunds_to_Individuals":0,
    "Refunds_to_Committees":"0"
  },
  {
    "Candidate_Identification":"H4FL05065",
    "Candidate_Name":"SCURRY-SMITH, GLOREATHA",
    "Incumbent_Challenger_Status":"C",
    "Party_Code":2,
    "Party_Affiliation":"REP",
    "Total_Receipts":0,
    "Transfers_from_Authorized_Committees":"0",
    "Total_Disbursements":1673.24,
    "Transfers_to_Authorized_Committees":0,
    "Beginning_Cash":1673.24,
    "Ending_Cash":0,
    "Contributions_from_Candidate":0,
    "Loans_from_Candidate":0,
    "Other_Loans":"0",
    "Candidate_Loan_Repayments":0,
    "Other_Loan_Repayments":0,
    "Debts_Owed_By":0,
    "Total_Individual_Contributions":0,
    "Candidate_State":"FL",
    "Candidate_District":5,
    "Contributions_from_Other_Political_Committees":"0",
    "Contributions_from_Party_Committees":0,
    "Coverage_End_Date":"01/22/2015",
    "Refunds_to_Individuals":0,
    "Refunds_to_Committees":"0"
  },
  {
    "Candidate_Identification":"H2FL14186",
    "Candidate_Name":"DONALDS, BYRON",
    "Incumbent_Challenger_Status":"O",
    "Party_Code":2,
    "Party_Affiliation":"REP",
    "Total_Receipts":0,
    "Transfers_from_Authorized_Committees":"0",
    "Total_Disbursements":0,
    "Transfers_to_Authorized_Committees":0,
    "Beginning_Cash":1481,
    "Ending_Cash":1481,
    "Contributions_from_Candidate":0,
    "Loans_from_Candidate":0,
    "Other_Loans":"0",
    "Candidate_Loan_Repayments":0,
    "Other_Loan_Repayments":0,
    "Debts_Owed_By":0,
    "Total_Individual_Contributions":0,
    "Candidate_State":"FL",
    "Candidate_District":19,
    "Contributions_from_Other_Political_Committees":"0",
    "Contributions_from_Party_Committees":0,
    "Coverage_End_Date":"01/26/2015",
    "Refunds_to_Individuals":0,
    "Refunds_to_Committees":"0"
  },
  {
    "Candidate_Identification":"H2GA11180",
    "Candidate_Name":"LEVENE, ALLAN",
    "Incumbent_Challenger_Status":"O",
    "Party_Code":2,
    "Party_Affiliation":"REP",
    "Total_Receipts":0,
    "Transfers_from_Authorized_Committees":"0",
    "Total_Disbursements":0,
    "Transfers_to_Authorized_Committees":0,
    "Beginning_Cash":0,
    "Ending_Cash":0,
    "Contributions_from_Candidate":0,
    "Loans_from_Candidate":0,
    "Other_Loans":"0",
    "Candidate_Loan_Repayments":0,
    "Other_Loan_Repayments":0,
    "Debts_Owed_By":0,
    "Total_Individual_Contributions":0,
    "Candidate_State":"GA",
    "Candidate_District":1,
    "Contributions_from_Other_Political_Committees":"0",
    "Contributions_from_Party_Committees":0,
    "Coverage_End_Date":"01/16/2015",
    "Refunds_to_Individuals":0,
    "Refunds_to_Committees":"0"
  },
  {
    "Candidate_Identification":"H4GA11053",
    "Candidate_Name":"BARR, BOB",
    "Incumbent_Challenger_Status":"O",
    "Party_Code":2,
    "Party_Affiliation":"REP",
    "Total_Receipts":2600,
    "Transfers_from_Authorized_Committees":"0",
    "Total_Disbursements":3407.53,
    "Transfers_to_Authorized_Committees":0,
    "Beginning_Cash":807.53,
    "Ending_Cash":0,
    "Contributions_from_Candidate":0,
    "Loans_from_Candidate":0,
    "Other_Loans":"0",
    "Candidate_Loan_Repayments":476.03,
    "Other_Loan_Repayments":0,
    "Debts_Owed_By":0,
    "Total_Individual_Contributions":2600,
    "Candidate_State":"GA",
    "Candidate_District":11,
    "Contributions_from_Other_Political_Committees":"0",
    "Contributions_from_Party_Committees":0,
    "Coverage_End_Date":"01/28/2015",
    "Refunds_to_Individuals":0,
    "Refunds_to_Committees":"0"
  },
  {
    "Candidate_Identification":"H2ID02018",
    "Candidate_Name":"STALLINGS, RICHARD ",
    "Incumbent_Challenger_Status":"C",
    "Party_Code":1,
    "Party_Affiliation":"DEM",
    "Total_Receipts":64,
    "Transfers_from_Authorized_Committees":"0",
    "Total_Disbursements":2295.41,
    "Transfers_to_Authorized_Committees":0,
    "Beginning_Cash":2231.41,
    "Ending_Cash":0,
    "Contributions_from_Candidate":0,
    "Loans_from_Candidate":0,
    "Other_Loans":"0",
    "Candidate_Loan_Repayments":2016.4,
    "Other_Loan_Repayments":0,
    "Debts_Owed_By":22983.6,
    "Total_Individual_Contributions":0,
    "Candidate_State":"ID",
    "Candidate_District":2,
    "Contributions_from_Other_Political_Committees":"0",
    "Contributions_from_Party_Committees":0,
    "Coverage_End_Date":"01/22/2015",
    "Refunds_to_Individuals":0,
    "Refunds_to_Committees":"0"
  },
  {
    "Candidate_Identification":"H4IL09074",
    "Candidate_Name":"WILLIAMS, DAVID EARL III",
    "Incumbent_Challenger_Status":"C",
    "Party_Code":2,
    "Party_Affiliation":"REP",
    "Total_Receipts":0,
    "Transfers_from_Authorized_Committees":"0",
    "Total_Disbursements":0,
    "Transfers_to_Authorized_Committees":0,
    "Beginning_Cash":0,
    "Ending_Cash":0,
    "Contributions_from_Candidate":0,
    "Loans_from_Candidate":0,
    "Other_Loans":"0",
    "Candidate_Loan_Repayments":0,
    "Other_Loan_Repayments":0,
    "Debts_Owed_By":1288.54,
    "Total_Individual_Contributions":0,
    "Candidate_State":"IL",
    "Candidate_District":9,
    "Contributions_from_Other_Political_Committees":"0",
    "Contributions_from_Party_Committees":0,
    "Coverage_End_Date":"01/28/2015",
    "Refunds_to_Individuals":0,
    "Refunds_to_Committees":"0"
  },
  {
    "Candidate_Identification":"H4IL11195",
    "Candidate_Name":"SENGER, DARLENE",
    "Incumbent_Challenger_Status":"C",
    "Party_Code":2,
    "Party_Affiliation":"REP",
    "Total_Receipts":0,
    "Transfers_from_Authorized_Committees":"0",
    "Total_Disbursements":4457.42,
    "Transfers_to_Authorized_Committees":0,
    "Beginning_Cash":4457.42,
    "Ending_Cash":0,
    "Contributions_from_Candidate":0,
    "Loans_from_Candidate":0,
    "Other_Loans":"0",
    "Candidate_Loan_Repayments":1000,
    "Other_Loan_Repayments":0,
    "Debts_Owed_By":0,
    "Total_Individual_Contributions":0,
    "Candidate_State":"IL",
    "Candidate_District":11,
    "Contributions_from_Other_Political_Committees":"0",
    "Contributions_from_Party_Committees":0,
    "Coverage_End_Date":"01/27/2015",
    "Refunds_to_Individuals":0,
    "Refunds_to_Committees":"0"
  },
  {
    "Candidate_Identification":"H4KS04087",
    "Candidate_Name":"TIAHRT, TODD",
    "Incumbent_Challenger_Status":"C",
    "Party_Code":2,
    "Party_Affiliation":"REP",
    "Total_Receipts":0,
    "Transfers_from_Authorized_Committees":"0",
    "Total_Disbursements":0,
    "Transfers_to_Authorized_Committees":0,
    "Beginning_Cash":0,
    "Ending_Cash":0,
    "Contributions_from_Candidate":0,
    "Loans_from_Candidate":0,
    "Other_Loans":"0",
    "Candidate_Loan_Repayments":0,
    "Other_Loan_Repayments":0,
    "Debts_Owed_By":0,
    "Total_Individual_Contributions":0,
    "Candidate_State":"KS",
    "Candidate_District":4,
    "Contributions_from_Other_Political_Committees":"0",
    "Contributions_from_Party_Committees":0,
    "Coverage_End_Date":"02/02/2015",
    "Refunds_to_Individuals":0,
    "Refunds_to_Committees":"0"
  },
  {
    "Candidate_Identification":"H4MI08127",
    "Candidate_Name":"BARNETT, BRYAN K",
    "Incumbent_Challenger_Status":"O",
    "Party_Code":2,
    "Party_Affiliation":"REP",
    "Total_Receipts":0,
    "Transfers_from_Authorized_Committees":"0",
    "Total_Disbursements":0,
    "Transfers_to_Authorized_Committees":0,
    "Beginning_Cash":0,
    "Ending_Cash":0,
    "Contributions_from_Candidate":0,
    "Loans_from_Candidate":0,
    "Other_Loans":"0",
    "Candidate_Loan_Repayments":0,
    "Other_Loan_Repayments":0,
    "Debts_Owed_By":0,
    "Total_Individual_Contributions":0,
    "Candidate_State":"MI",
    "Candidate_District":8,
    "Contributions_from_Other_Political_Committees":"0",
    "Contributions_from_Party_Committees":0,
    "Coverage_End_Date":"01/01/2015",
    "Refunds_to_Individuals":0,
    "Refunds_to_Committees":"0"
  },
  {
    "Candidate_Identification":"H2MN02122",
    "Candidate_Name":"OBERMUELLER, MICHAEL E.",
    "Incumbent_Challenger_Status":"C",
    "Party_Code":3,
    "Party_Affiliation":"DFL",
    "Total_Receipts":2947.09,
    "Transfers_from_Authorized_Committees":"0",
    "Total_Disbursements":15210.24,
    "Transfers_to_Authorized_Committees":0,
    "Beginning_Cash":12263.15,
    "Ending_Cash":0,
    "Contributions_from_Candidate":0,
    "Loans_from_Candidate":0,
    "Other_Loans":"0",
    "Candidate_Loan_Repayments":12023.74,
    "Other_Loan_Repayments":0,
    "Debts_Owed_By":0,
    "Total_Individual_Contributions":0,
    "Candidate_State":"MN",
    "Candidate_District":2,
    "Contributions_from_Other_Political_Committees":"0",
    "Contributions_from_Party_Committees":0,
    "Coverage_End_Date":"01/30/2015",
    "Refunds_to_Individuals":0,
    "Refunds_to_Committees":"0"
  },
  {
    "Candidate_Identification":"H2MO06202",
    "Candidate_Name":"HEDGE, W A (BILL) DR",
    "Incumbent_Challenger_Status":"C",
    "Party_Code":1,
    "Party_Affiliation":"DEM",
    "Total_Receipts":0,
    "Transfers_from_Authorized_Committees":"0",
    "Total_Disbursements":0,
    "Transfers_to_Authorized_Committees":0,
    "Beginning_Cash":6259.2,
    "Ending_Cash":6259.2,
    "Contributions_from_Candidate":0,
    "Loans_from_Candidate":0,
    "Other_Loans":"0",
    "Candidate_Loan_Repayments":0,
    "Other_Loan_Repayments":0,
    "Debts_Owed_By":24000,
    "Total_Individual_Contributions":0,
    "Candidate_State":"MO",
    "Candidate_District":6,
    "Contributions_from_Other_Political_Committees":"0",
    "Contributions_from_Party_Committees":0,
    "Coverage_End_Date":"01/02/2015",
    "Refunds_to_Individuals":0,
    "Refunds_to_Committees":"0"
  },
  {
    "Candidate_Identification":"H0NC08163",
    "Candidate_Name":"D'ANNUNZIO, TIMOTHY BRUCE",
    "Incumbent_Challenger_Status":"C",
    "Party_Code":2,
    "Party_Affiliation":"REP",
    "Total_Receipts":0,
    "Transfers_from_Authorized_Committees":"0",
    "Total_Disbursements":0,
    "Transfers_to_Authorized_Committees":0,
    "Beginning_Cash":0,
    "Ending_Cash":0,
    "Contributions_from_Candidate":0,
    "Loans_from_Candidate":0,
    "Other_Loans":"0",
    "Candidate_Loan_Repayments":0,
    "Other_Loan_Repayments":0,
    "Debts_Owed_By":0,
    "Total_Individual_Contributions":0,
    "Candidate_State":"NC",
    "Candidate_District":4,
    "Contributions_from_Other_Political_Committees":"0",
    "Contributions_from_Party_Committees":0,
    "Coverage_End_Date":"01/21/2015",
    "Refunds_to_Individuals":0,
    "Refunds_to_Committees":"0"
  },
  {
    "Candidate_Identification":"H4NC07076",
    "Candidate_Name":"WHITE, HAYWOOD EDWIN III",
    "Incumbent_Challenger_Status":"O",
    "Party_Code":2,
    "Party_Affiliation":"REP",
    "Total_Receipts":0,
    "Transfers_from_Authorized_Committees":"0",
    "Total_Disbursements":157.91,
    "Transfers_to_Authorized_Committees":0,
    "Beginning_Cash":157.91,
    "Ending_Cash":0,
    "Contributions_from_Candidate":0,
    "Loans_from_Candidate":0,
    "Other_Loans":"0",
    "Candidate_Loan_Repayments":155.91,
    "Other_Loan_Repayments":0,
    "Debts_Owed_By":36700.68,
    "Total_Individual_Contributions":0,
    "Candidate_State":"NC",
    "Candidate_District":7,
    "Contributions_from_Other_Political_Committees":"0",
    "Contributions_from_Party_Committees":0,
    "Coverage_End_Date":"01/13/2015",
    "Refunds_to_Individuals":0,
    "Refunds_to_Committees":"0"
  },
  {
    "Candidate_Identification":"H4NE01163",
    "Candidate_Name":"CRAWFORD, DENNIS P",
    "Incumbent_Challenger_Status":"C",
    "Party_Code":1,
    "Party_Affiliation":"DEM",
    "Total_Receipts":594,
    "Transfers_from_Authorized_Committees":"0",
    "Total_Disbursements":1101,
    "Transfers_to_Authorized_Committees":1101,
    "Beginning_Cash":506,
    "Ending_Cash":0,
    "Contributions_from_Candidate":0,
    "Loans_from_Candidate":0,
    "Other_Loans":"0",
    "Candidate_Loan_Repayments":0,
    "Other_Loan_Repayments":0,
    "Debts_Owed_By":0,
    "Total_Individual_Contributions":0,
    "Candidate_State":"NE",
    "Candidate_District":1,
    "Contributions_from_Other_Political_Committees":"0",
    "Contributions_from_Party_Committees":0,
    "Coverage_End_Date":"01/23/2015",
    "Refunds_to_Individuals":0,
    "Refunds_to_Committees":"0"
  },
  {
    "Candidate_Identification":"H2NE03023",
    "Candidate_Name":"SULLIVAN, MARK",
    "Incumbent_Challenger_Status":"C",
    "Party_Code":1,
    "Party_Affiliation":"DEM",
    "Total_Receipts":0,
    "Transfers_from_Authorized_Committees":"0",
    "Total_Disbursements":0,
    "Transfers_to_Authorized_Committees":0,
    "Beginning_Cash":0,
    "Ending_Cash":0,
    "Contributions_from_Candidate":0,
    "Loans_from_Candidate":0,
    "Other_Loans":"0",
    "Candidate_Loan_Repayments":0,
    "Other_Loan_Repayments":0,
    "Debts_Owed_By":0,
    "Total_Individual_Contributions":0,
    "Candidate_State":"NE",
    "Candidate_District":3,
    "Contributions_from_Other_Political_Committees":"0",
    "Contributions_from_Party_Committees":0,
    "Coverage_End_Date":"01/31/2015",
    "Refunds_to_Individuals":0,
    "Refunds_to_Committees":"0"
  },
  {
    "Candidate_Identification":"H4NJ09129",
    "Candidate_Name":"MONTILLA, NESTOR",
    "Incumbent_Challenger_Status":"C",
    "Party_Code":3,
    "Party_Affiliation":"OTH",
    "Total_Receipts":0,
    "Transfers_from_Authorized_Committees":"0",
    "Total_Disbursements":371.15,
    "Transfers_to_Authorized_Committees":0,
    "Beginning_Cash":0,
    "Ending_Cash":-371.15,
    "Contributions_from_Candidate":0,
    "Loans_from_Candidate":0,
    "Other_Loans":"0",
    "Candidate_Loan_Repayments":0,
    "Other_Loan_Repayments":0,
    "Debts_Owed_By":0,
    "Total_Individual_Contributions":0,
    "Candidate_State":"NJ",
    "Candidate_District":9,
    "Contributions_from_Other_Political_Committees":"0",
    "Contributions_from_Party_Committees":0,
    "Coverage_End_Date":"01/31/2015",
    "Refunds_to_Individuals":0,
    "Refunds_to_Committees":"0"
  },
  {
    "Candidate_Identification":"H2NY22121",
    "Candidate_Name":"DANKS BURKE, LESLIE",
    "Incumbent_Challenger_Status":"O",
    "Party_Code":1,
    "Party_Affiliation":"DEM",
    "Total_Receipts":0,
    "Transfers_from_Authorized_Committees":"0",
    "Total_Disbursements":0,
    "Transfers_to_Authorized_Committees":0,
    "Beginning_Cash":28.84,
    "Ending_Cash":28.84,
    "Contributions_from_Candidate":0,
    "Loans_from_Candidate":0,
    "Other_Loans":"0",
    "Candidate_Loan_Repayments":0,
    "Other_Loan_Repayments":0,
    "Debts_Owed_By":70200,
    "Total_Individual_Contributions":0,
    "Candidate_State":"NY",
    "Candidate_District":23,
    "Contributions_from_Other_Political_Committees":"0",
    "Contributions_from_Party_Committees":0,
    "Coverage_End_Date":"09/30/2015",
    "Refunds_to_Individuals":0,
    "Refunds_to_Committees":"0"
  },
  {
    "Candidate_Identification":"H4OH06074",
    "Candidate_Name":"GARRISON, JENNIFER D",
    "Incumbent_Challenger_Status":"C",
    "Party_Code":1,
    "Party_Affiliation":"DEM",
    "Total_Receipts":0,
    "Transfers_from_Authorized_Committees":"0",
    "Total_Disbursements":6283.32,
    "Transfers_to_Authorized_Committees":0,
    "Beginning_Cash":6283.32,
    "Ending_Cash":0,
    "Contributions_from_Candidate":0,
    "Loans_from_Candidate":0,
    "Other_Loans":"0",
    "Candidate_Loan_Repayments":5077.51,
    "Other_Loan_Repayments":0,
    "Debts_Owed_By":0,
    "Total_Individual_Contributions":0,
    "Candidate_State":"OH",
    "Candidate_District":6,
    "Contributions_from_Other_Political_Committees":"0",
    "Contributions_from_Party_Committees":0,
    "Coverage_End_Date":"01/28/2015",
    "Refunds_to_Individuals":0,
    "Refunds_to_Committees":"0"
  },
  {
    "Candidate_Identification":"H4PA03109",
    "Candidate_Name":"LAVALLEE, DANIEL",
    "Incumbent_Challenger_Status":"C",
    "Party_Code":1,
    "Party_Affiliation":"DEM",
    "Total_Receipts":0,
    "Transfers_from_Authorized_Committees":"0",
    "Total_Disbursements":1297.49,
    "Transfers_to_Authorized_Committees":0,
    "Beginning_Cash":1297.49,
    "Ending_Cash":0,
    "Contributions_from_Candidate":0,
    "Loans_from_Candidate":0,
    "Other_Loans":"0",
    "Candidate_Loan_Repayments":0,
    "Other_Loan_Repayments":0,
    "Debts_Owed_By":0,
    "Total_Individual_Contributions":0,
    "Candidate_State":"PA",
    "Candidate_District":3,
    "Contributions_from_Other_Political_Committees":"0",
    "Contributions_from_Party_Committees":0,
    "Coverage_End_Date":"01/30/2015",
    "Refunds_to_Individuals":0,
    "Refunds_to_Committees":"0"
  },
  {
    "Candidate_Identification":"H4PA05054",
    "Candidate_Name":"TARANTELLA, THOMAS EDWARD",
    "Incumbent_Challenger_Status":"C",
    "Party_Code":1,
    "Party_Affiliation":"DEM",
    "Total_Receipts":0,
    "Transfers_from_Authorized_Committees":"0",
    "Total_Disbursements":0,
    "Transfers_to_Authorized_Committees":0,
    "Beginning_Cash":0,
    "Ending_Cash":0,
    "Contributions_from_Candidate":0,
    "Loans_from_Candidate":0,
    "Other_Loans":"0",
    "Candidate_Loan_Repayments":0,
    "Other_Loan_Repayments":0,
    "Debts_Owed_By":0,
    "Total_Individual_Contributions":0,
    "Candidate_State":"PA",
    "Candidate_District":5,
    "Contributions_from_Other_Political_Committees":"0",
    "Contributions_from_Party_Committees":0,
    "Coverage_End_Date":"01/28/2015",
    "Refunds_to_Individuals":0,
    "Refunds_to_Committees":"0"
  },
  {
    "Candidate_Identification":"H4PA10062",
    "Candidate_Name":"TROIANO, NICHOLAS ROBERT",
    "Incumbent_Challenger_Status":"C",
    "Party_Code":3,
    "Party_Affiliation":"IND",
    "Total_Receipts":0,
    "Transfers_from_Authorized_Committees":"0",
    "Total_Disbursements":3369.16,
    "Transfers_to_Authorized_Committees":0,
    "Beginning_Cash":3369.16,
    "Ending_Cash":0,
    "Contributions_from_Candidate":0,
    "Loans_from_Candidate":0,
    "Other_Loans":"0",
    "Candidate_Loan_Repayments":0,
    "Other_Loan_Repayments":0,
    "Debts_Owed_By":0,
    "Total_Individual_Contributions":0,
    "Candidate_State":"PA",
    "Candidate_District":10,
    "Contributions_from_Other_Political_Committees":"0",
    "Contributions_from_Party_Committees":0,
    "Coverage_End_Date":"01/08/2015",
    "Refunds_to_Individuals":0,
    "Refunds_to_Committees":"0"
  },
  {
    "Candidate_Identification":"H4RI01125",
    "Candidate_Name":"LYNCH, CORMICK",
    "Incumbent_Challenger_Status":"C",
    "Party_Code":2,
    "Party_Affiliation":"REP",
    "Total_Receipts":3000,
    "Transfers_from_Authorized_Committees":"0",
    "Total_Disbursements":8247.4,
    "Transfers_to_Authorized_Committees":0,
    "Beginning_Cash":5247.4,
    "Ending_Cash":0,
    "Contributions_from_Candidate":0,
    "Loans_from_Candidate":0,
    "Other_Loans":"0",
    "Candidate_Loan_Repayments":0,
    "Other_Loan_Repayments":0,
    "Debts_Owed_By":0,
    "Total_Individual_Contributions":0,
    "Candidate_State":"RI",
    "Candidate_District":1,
    "Contributions_from_Other_Political_Committees":"0",
    "Contributions_from_Party_Committees":3000,
    "Coverage_End_Date":"01/29/2015",
    "Refunds_to_Individuals":300,
    "Refunds_to_Committees":"0"
  },
  {
    "Candidate_Identification":"H2TN03144",
    "Candidate_Name":"HEADRICK, MARY MARGARET",
    "Incumbent_Challenger_Status":"C",
    "Party_Code":1,
    "Party_Affiliation":"DEM",
    "Total_Receipts":7615.03,
    "Transfers_from_Authorized_Committees":"0",
    "Total_Disbursements":0,
    "Transfers_to_Authorized_Committees":0,
    "Beginning_Cash":-7615.03,
    "Ending_Cash":0,
    "Contributions_from_Candidate":7615.03,
    "Loans_from_Candidate":0,
    "Other_Loans":"0",
    "Candidate_Loan_Repayments":0,
    "Other_Loan_Repayments":0,
    "Debts_Owed_By":0,
    "Total_Individual_Contributions":0,
    "Candidate_State":"TN",
    "Candidate_District":3,
    "Contributions_from_Other_Political_Committees":"0",
    "Contributions_from_Party_Committees":0,
    "Coverage_End_Date":"01/05/2015",
    "Refunds_to_Individuals":0,
    "Refunds_to_Committees":"0"
  },
  {
    "Candidate_Identification":"H4TN06051",
    "Candidate_Name":"DAVIS, LINCOLN EDWARD",
    "Incumbent_Challenger_Status":"I",
    "Party_Code":1,
    "Party_Affiliation":"DEM",
    "Total_Receipts":0,
    "Transfers_from_Authorized_Committees":"0",
    "Total_Disbursements":933.92,
    "Transfers_to_Authorized_Committees":0,
    "Beginning_Cash":933.92,
    "Ending_Cash":0,
    "Contributions_from_Candidate":0,
    "Loans_from_Candidate":0,
    "Other_Loans":"0",
    "Candidate_Loan_Repayments":0,
    "Other_Loan_Repayments":0,
    "Debts_Owed_By":0,
    "Total_Individual_Contributions":0,
    "Candidate_State":"TN",
    "Candidate_District":4,
    "Contributions_from_Other_Political_Committees":"0",
    "Contributions_from_Party_Committees":0,
    "Coverage_End_Date":"01/21/2015",
    "Refunds_to_Individuals":0,
    "Refunds_to_Committees":"0"
  },
  {
    "Candidate_Identification":"H2TN05263",
    "Candidate_Name":"SMITH , JOHN (BIG JOHN)",
    "Incumbent_Challenger_Status":"C",
    "Party_Code":2,
    "Party_Affiliation":"REP",
    "Total_Receipts":0,
    "Transfers_from_Authorized_Committees":"0",
    "Total_Disbursements":0,
    "Transfers_to_Authorized_Committees":0,
    "Beginning_Cash":0,
    "Ending_Cash":0,
    "Contributions_from_Candidate":0,
    "Loans_from_Candidate":0,
    "Other_Loans":"0",
    "Candidate_Loan_Repayments":0,
    "Other_Loan_Repayments":0,
    "Debts_Owed_By":0,
    "Total_Individual_Contributions":0,
    "Candidate_State":"TN",
    "Candidate_District":5,
    "Contributions_from_Other_Political_Committees":"0",
    "Contributions_from_Party_Committees":0,
    "Coverage_End_Date":"01/31/2015",
    "Refunds_to_Individuals":0,
    "Refunds_to_Committees":"0"
  },
  {
    "Candidate_Identification":"H4TX19276",
    "Candidate_Name":"MARCHBANKS, JAMES NEAL",
    "Incumbent_Challenger_Status":"C",
    "Party_Code":1,
    "Party_Affiliation":"DEM",
    "Total_Receipts":0,
    "Transfers_from_Authorized_Committees":"0",
    "Total_Disbursements":0,
    "Transfers_to_Authorized_Committees":0,
    "Beginning_Cash":15923.18,
    "Ending_Cash":15923.18,
    "Contributions_from_Candidate":0,
    "Loans_from_Candidate":0,
    "Other_Loans":"0",
    "Candidate_Loan_Repayments":0,
    "Other_Loan_Repayments":0,
    "Debts_Owed_By":0,
    "Total_Individual_Contributions":0,
    "Candidate_State":"TX",
    "Candidate_District":19,
    "Contributions_from_Other_Political_Committees":"0",
    "Contributions_from_Party_Committees":0,
    "Coverage_End_Date":"02/02/2015",
    "Refunds_to_Individuals":0,
    "Refunds_to_Committees":"0"
  },
  {
    "Candidate_Identification":"H2TX23116",
    "Candidate_Name":"BUSTAMANTE, JOHN MARCUS",
    "Incumbent_Challenger_Status":"C",
    "Party_Code":1,
    "Party_Affiliation":"DEM",
    "Total_Receipts":0,
    "Transfers_from_Authorized_Committees":"0",
    "Total_Disbursements":205.98,
    "Transfers_to_Authorized_Committees":0,
    "Beginning_Cash":205.98,
    "Ending_Cash":0,
    "Contributions_from_Candidate":0,
    "Loans_from_Candidate":0,
    "Other_Loans":"0",
    "Candidate_Loan_Repayments":0,
    "Other_Loan_Repayments":0,
    "Debts_Owed_By":0,
    "Total_Individual_Contributions":0,
    "Candidate_State":"TX",
    "Candidate_District":23,
    "Contributions_from_Other_Political_Committees":"0",
    "Contributions_from_Party_Committees":0,
    "Coverage_End_Date":"01/29/2015",
    "Refunds_to_Individuals":0,
    "Refunds_to_Committees":"0"
  },
  {
    "Candidate_Identification":"H4VA08182",
    "Candidate_Name":"EDMOND, MICAH K",
    "Incumbent_Challenger_Status":"O",
    "Party_Code":2,
    "Party_Affiliation":"REP",
    "Total_Receipts":0,
    "Transfers_from_Authorized_Committees":"0",
    "Total_Disbursements":153.61,
    "Transfers_to_Authorized_Committees":0,
    "Beginning_Cash":153.61,
    "Ending_Cash":0,
    "Contributions_from_Candidate":0,
    "Loans_from_Candidate":0,
    "Other_Loans":"0",
    "Candidate_Loan_Repayments":0,
    "Other_Loan_Repayments":0,
    "Debts_Owed_By":0,
    "Total_Individual_Contributions":0,
    "Candidate_State":"VA",
    "Candidate_District":8,
    "Contributions_from_Other_Political_Committees":"0",
    "Contributions_from_Party_Committees":0,
    "Coverage_End_Date":"01/31/2015",
    "Refunds_to_Individuals":0,
    "Refunds_to_Committees":"0"
  },
  {
    "Candidate_Identification":"H4WA03114",
    "Candidate_Name":"DINGETHAL, BOB",
    "Incumbent_Challenger_Status":"C",
    "Party_Code":1,
    "Party_Affiliation":"DEM",
    "Total_Receipts":0,
    "Transfers_from_Authorized_Committees":"0",
    "Total_Disbursements":0,
    "Transfers_to_Authorized_Committees":0,
    "Beginning_Cash":0,
    "Ending_Cash":0,
    "Contributions_from_Candidate":0,
    "Loans_from_Candidate":0,
    "Other_Loans":"0",
    "Candidate_Loan_Repayments":0,
    "Other_Loan_Repayments":0,
    "Debts_Owed_By":0,
    "Total_Individual_Contributions":0,
    "Candidate_State":"WA",
    "Candidate_District":3,
    "Contributions_from_Other_Political_Committees":"0",
    "Contributions_from_Party_Committees":0,
    "Coverage_End_Date":"01/31/2015",
    "Refunds_to_Individuals":0,
    "Refunds_to_Committees":"0"
  },
  {
    "Candidate_Identification":"H8WA03156",
    "Candidate_Name":"DELAVAR, MICHAEL ROBERT",
    "Incumbent_Challenger_Status":"C",
    "Party_Code":2,
    "Party_Affiliation":"REP",
    "Total_Receipts":0,
    "Transfers_from_Authorized_Committees":"0",
    "Total_Disbursements":1556.69,
    "Transfers_to_Authorized_Committees":0,
    "Beginning_Cash":1556.69,
    "Ending_Cash":0,
    "Contributions_from_Candidate":0,
    "Loans_from_Candidate":0,
    "Other_Loans":"0",
    "Candidate_Loan_Repayments":0,
    "Other_Loan_Repayments":0,
    "Debts_Owed_By":0,
    "Total_Individual_Contributions":0,
    "Candidate_State":"WA",
    "Candidate_District":3,
    "Contributions_from_Other_Political_Committees":"0",
    "Contributions_from_Party_Committees":0,
    "Coverage_End_Date":"01/27/2015",
    "Refunds_to_Individuals":1500,
    "Refunds_to_Committees":"0"
  },
  {
    "Candidate_Identification":"H4WA10010",
    "Candidate_Name":"MCDONALD, JOYCE",
    "Incumbent_Challenger_Status":"C",
    "Party_Code":2,
    "Party_Affiliation":"REP",
    "Total_Receipts":0,
    "Transfers_from_Authorized_Committees":"0",
    "Total_Disbursements":457.32,
    "Transfers_to_Authorized_Committees":0,
    "Beginning_Cash":458.48,
    "Ending_Cash":1.16,
    "Contributions_from_Candidate":0,
    "Loans_from_Candidate":0,
    "Other_Loans":"0",
    "Candidate_Loan_Repayments":0,
    "Other_Loan_Repayments":0,
    "Debts_Owed_By":0,
    "Total_Individual_Contributions":0,
    "Candidate_State":"WA",
    "Candidate_District":10,
    "Contributions_from_Other_Political_Committees":"0",
    "Contributions_from_Party_Committees":0,
    "Coverage_End_Date":"02/03/2015",
    "Refunds_to_Individuals":0,
    "Refunds_to_Committees":"0"
  },
  {
    "Candidate_Identification":"P20003711",
    "Candidate_Name":"SWANSON, KARIN LYNN",
    "Incumbent_Challenger_Status":"O",
    "Party_Code":1,
    "Party_Affiliation":"DEM",
    "Total_Receipts":30,
    "Transfers_from_Authorized_Committees":"0",
    "Total_Disbursements":33,
    "Transfers_to_Authorized_Committees":0,
    "Beginning_Cash":91,
    "Ending_Cash":89,
    "Contributions_from_Candidate":30,
    "Loans_from_Candidate":0,
    "Other_Loans":"0",
    "Candidate_Loan_Repayments":0,
    "Other_Loan_Repayments":0,
    "Debts_Owed_By":0,
    "Total_Individual_Contributions":0,
    "Candidate_State":"00",
    "Candidate_District":0,
    "Contributions_from_Other_Political_Committees":"0",
    "Contributions_from_Party_Committees":0,
    "Coverage_End_Date":"01/31/2015",
    "Refunds_to_Individuals":0,
    "Refunds_to_Committees":"0"
  },
  {
    "Candidate_Identification":"S0AR00069",
    "Candidate_Name":"REYNOLDS, CONRAD EARL",
    "Incumbent_Challenger_Status":"C",
    "Party_Code":2,
    "Party_Affiliation":"REP",
    "Total_Receipts":0,
    "Transfers_from_Authorized_Committees":"0",
    "Total_Disbursements":0,
    "Transfers_to_Authorized_Committees":0,
    "Beginning_Cash":0,
    "Ending_Cash":0,
    "Contributions_from_Candidate":0,
    "Loans_from_Candidate":0,
    "Other_Loans":"0",
    "Candidate_Loan_Repayments":0,
    "Other_Loan_Repayments":0,
    "Debts_Owed_By":0,
    "Total_Individual_Contributions":0,
    "Candidate_State":"AR",
    "Candidate_District":0,
    "Contributions_from_Other_Political_Committees":"0",
    "Contributions_from_Party_Committees":0,
    "Coverage_End_Date":"01/01/2015",
    "Refunds_to_Individuals":0,
    "Refunds_to_Committees":"0"
  },
  {
    "Candidate_Identification":"S2AZ00265",
    "Candidate_Name":"RUBEN, DAVID A",
    "Incumbent_Challenger_Status":"O",
    "Party_Code":1,
    "Party_Affiliation":"DEM",
    "Total_Receipts":0,
    "Transfers_from_Authorized_Committees":"0",
    "Total_Disbursements":0,
    "Transfers_to_Authorized_Committees":0,
    "Beginning_Cash":0,
    "Ending_Cash":0,
    "Contributions_from_Candidate":0,
    "Loans_from_Candidate":0,
    "Other_Loans":"0",
    "Candidate_Loan_Repayments":0,
    "Other_Loan_Repayments":0,
    "Debts_Owed_By":245,
    "Total_Individual_Contributions":0,
    "Candidate_State":"AZ",
    "Candidate_District":0,
    "Contributions_from_Other_Political_Committees":"0",
    "Contributions_from_Party_Committees":0,
    "Coverage_End_Date":"12/31/2015",
    "Refunds_to_Individuals":0,
    "Refunds_to_Committees":"0"
  },
  {
    "Candidate_Identification":"S4CO00338",
    "Candidate_Name":"HILL, OWEN",
    "Incumbent_Challenger_Status":"C",
    "Party_Code":2,
    "Party_Affiliation":"REP",
    "Total_Receipts":0,
    "Transfers_from_Authorized_Committees":"0",
    "Total_Disbursements":38930,
    "Transfers_to_Authorized_Committees":0,
    "Beginning_Cash":46282,
    "Ending_Cash":7352,
    "Contributions_from_Candidate":0,
    "Loans_from_Candidate":0,
    "Other_Loans":"0",
    "Candidate_Loan_Repayments":0,
    "Other_Loan_Repayments":0,
    "Debts_Owed_By":35000,
    "Total_Individual_Contributions":0,
    "Candidate_State":"CO",
    "Candidate_District":0,
    "Contributions_from_Other_Political_Committees":"0",
    "Contributions_from_Party_Committees":0,
    "Coverage_End_Date":"01/31/2015",
    "Refunds_to_Individuals":14500,
    "Refunds_to_Committees":"0"
  },
  {
    "Candidate_Identification":"S0CT00219",
    "Candidate_Name":"HILL, BRIAN KEITH",
    "Incumbent_Challenger_Status":"O",
    "Party_Code":2,
    "Party_Affiliation":"REP",
    "Total_Receipts":0,
    "Transfers_from_Authorized_Committees":"0",
    "Total_Disbursements":0,
    "Transfers_to_Authorized_Committees":0,
    "Beginning_Cash":0,
    "Ending_Cash":0,
    "Contributions_from_Candidate":0,
    "Loans_from_Candidate":0,
    "Other_Loans":"0",
    "Candidate_Loan_Repayments":0,
    "Other_Loan_Repayments":0,
    "Debts_Owed_By":67000,
    "Total_Individual_Contributions":0,
    "Candidate_State":"CT",
    "Candidate_District":0,
    "Contributions_from_Other_Political_Committees":"0",
    "Contributions_from_Party_Committees":0,
    "Coverage_End_Date":"01/31/2015",
    "Refunds_to_Individuals":0,
    "Refunds_to_Committees":"0"
  },
  {
    "Candidate_Identification":"S2DE00064",
    "Candidate_Name":"WADE, KEVIN L",
    "Incumbent_Challenger_Status":"C",
    "Party_Code":2,
    "Party_Affiliation":"REP",
    "Total_Receipts":31800,
    "Transfers_from_Authorized_Committees":"0",
    "Total_Disbursements":33535,
    "Transfers_to_Authorized_Committees":0,
    "Beginning_Cash":1735,
    "Ending_Cash":0,
    "Contributions_from_Candidate":0,
    "Loans_from_Candidate":31800,
    "Other_Loans":"0",
    "Candidate_Loan_Repayments":0,
    "Other_Loan_Repayments":0,
    "Debts_Owed_By":41800,
    "Total_Individual_Contributions":0,
    "Candidate_State":"DE",
    "Candidate_District":0,
    "Contributions_from_Other_Political_Committees":"0",
    "Contributions_from_Party_Committees":0,
    "Coverage_End_Date":"01/26/2015",
    "Refunds_to_Individuals":0,
    "Refunds_to_Committees":"0"
  },
  {
    "Candidate_Identification":"S4DE00052",
    "Candidate_Name":"SMINK, CARL ROBERT",
    "Incumbent_Challenger_Status":"C",
    "Party_Code":2,
    "Party_Affiliation":"REP",
    "Total_Receipts":0,
    "Transfers_from_Authorized_Committees":"0",
    "Total_Disbursements":0,
    "Transfers_to_Authorized_Committees":0,
    "Beginning_Cash":0,
    "Ending_Cash":0,
    "Contributions_from_Candidate":0,
    "Loans_from_Candidate":0,
    "Other_Loans":"0",
    "Candidate_Loan_Repayments":0,
    "Other_Loan_Repayments":0,
    "Debts_Owed_By":106148,
    "Total_Individual_Contributions":0,
    "Candidate_State":"DE",
    "Candidate_District":0,
    "Contributions_from_Other_Political_Committees":"0",
    "Contributions_from_Party_Committees":0,
    "Coverage_End_Date":"01/31/2015",
    "Refunds_to_Individuals":0,
    "Refunds_to_Committees":"0"
  },
  {
    "Candidate_Identification":"S8FL00224",
    "Candidate_Name":"SHOEMAKER, FRANKLIN ED",
    "Incumbent_Challenger_Status":"",
    "Party_Code":3,
    "Party_Affiliation":"AIP",
    "Total_Receipts":0,
    "Transfers_from_Authorized_Committees":"0",
    "Total_Disbursements":0,
    "Transfers_to_Authorized_Committees":0,
    "Beginning_Cash":0,
    "Ending_Cash":0,
    "Contributions_from_Candidate":0,
    "Loans_from_Candidate":0,
    "Other_Loans":"0",
    "Candidate_Loan_Repayments":0,
    "Other_Loan_Repayments":0,
    "Debts_Owed_By":0,
    "Total_Individual_Contributions":0,
    "Candidate_State":"FL",
    "Candidate_District":0,
    "Contributions_from_Other_Political_Committees":"0",
    "Contributions_from_Party_Committees":0,
    "Coverage_End_Date":"01/31/2015",
    "Refunds_to_Individuals":0,
    "Refunds_to_Committees":"0"
  },
  {
    "Candidate_Identification":"S4LA00156",
    "Candidate_Name":"ABLES, MURIEL WAYNE",
    "Incumbent_Challenger_Status":"C",
    "Party_Code":1,
    "Party_Affiliation":"DEM",
    "Total_Receipts":0,
    "Transfers_from_Authorized_Committees":"0",
    "Total_Disbursements":0,
    "Transfers_to_Authorized_Committees":0,
    "Beginning_Cash":0,
    "Ending_Cash":0,
    "Contributions_from_Candidate":0,
    "Loans_from_Candidate":0,
    "Other_Loans":"0",
    "Candidate_Loan_Repayments":0,
    "Other_Loan_Repayments":0,
    "Debts_Owed_By":12625,
    "Total_Individual_Contributions":0,
    "Candidate_State":"LA",
    "Candidate_District":0,
    "Contributions_from_Other_Political_Committees":"0",
    "Contributions_from_Party_Committees":0,
    "Coverage_End_Date":"01/31/2015",
    "Refunds_to_Individuals":0,
    "Refunds_to_Committees":"0"
  },
  {
    "Candidate_Identification":"S4MA00259",
    "Candidate_Name":"SKARIN, BRUCE",
    "Incumbent_Challenger_Status":"C",
    "Party_Code":3,
    "Party_Affiliation":"IND",
    "Total_Receipts":401,
    "Transfers_from_Authorized_Committees":"0",
    "Total_Disbursements":530,
    "Transfers_to_Authorized_Committees":0,
    "Beginning_Cash":143,
    "Ending_Cash":13,
    "Contributions_from_Candidate":0,
    "Loans_from_Candidate":375,
    "Other_Loans":"0",
    "Candidate_Loan_Repayments":0,
    "Other_Loan_Repayments":0,
    "Debts_Owed_By":0,
    "Total_Individual_Contributions":26,
    "Candidate_State":"MA",
    "Candidate_District":0,
    "Contributions_from_Other_Political_Committees":"0",
    "Contributions_from_Party_Committees":0,
    "Coverage_End_Date":"01/27/2015",
    "Refunds_to_Individuals":0,
    "Refunds_to_Committees":"0"
  },
  {
    "Candidate_Identification":"S4NC00261",
    "Candidate_Name":"D'ANNUNZIO, TIMOTHY BRUCE",
    "Incumbent_Challenger_Status":"C",
    "Party_Code":2,
    "Party_Affiliation":"REP",
    "Total_Receipts":0,
    "Transfers_from_Authorized_Committees":"0",
    "Total_Disbursements":0,
    "Transfers_to_Authorized_Committees":0,
    "Beginning_Cash":0,
    "Ending_Cash":0,
    "Contributions_from_Candidate":0,
    "Loans_from_Candidate":0,
    "Other_Loans":"0",
    "Candidate_Loan_Repayments":0,
    "Other_Loan_Repayments":0,
    "Debts_Owed_By":0,
    "Total_Individual_Contributions":0,
    "Candidate_State":"NC",
    "Candidate_District":0,
    "Contributions_from_Other_Political_Committees":"0",
    "Contributions_from_Party_Committees":0,
    "Coverage_End_Date":"01/21/2015",
    "Refunds_to_Individuals":0,
    "Refunds_to_Committees":"0"
  },
  {
    "Candidate_Identification":"S2NC00257",
    "Candidate_Name":"HAUGH, SEAN",
    "Incumbent_Challenger_Status":"C",
    "Party_Code":3,
    "Party_Affiliation":"LIB",
    "Total_Receipts":0,
    "Transfers_from_Authorized_Committees":"0",
    "Total_Disbursements":0,
    "Transfers_to_Authorized_Committees":0,
    "Beginning_Cash":530,
    "Ending_Cash":0,
    "Contributions_from_Candidate":0,
    "Loans_from_Candidate":0,
    "Other_Loans":"0",
    "Candidate_Loan_Repayments":0,
    "Other_Loan_Repayments":0,
    "Debts_Owed_By":0,
    "Total_Individual_Contributions":0,
    "Candidate_State":"NC",
    "Candidate_District":0,
    "Contributions_from_Other_Political_Committees":"0",
    "Contributions_from_Party_Committees":0,
    "Coverage_End_Date":"01/29/2015",
    "Refunds_to_Individuals":0,
    "Refunds_to_Committees":"0"
  },
  {
    "Candidate_Identification":"S4NE00140",
    "Candidate_Name":"DOMINA, DAVID A",
    "Incumbent_Challenger_Status":"O",
    "Party_Code":1,
    "Party_Affiliation":"DEM",
    "Total_Receipts":2814,
    "Transfers_from_Authorized_Committees":"0",
    "Total_Disbursements":9507,
    "Transfers_to_Authorized_Committees":0,
    "Beginning_Cash":6692,
    "Ending_Cash":0,
    "Contributions_from_Candidate":650,
    "Loans_from_Candidate":1000,
    "Other_Loans":"0",
    "Candidate_Loan_Repayments":38,
    "Other_Loan_Repayments":0,
    "Debts_Owed_By":0,
    "Total_Individual_Contributions":351,
    "Candidate_State":"NE",
    "Candidate_District":0,
    "Contributions_from_Other_Political_Committees":"0",
    "Contributions_from_Party_Committees":0,
    "Coverage_End_Date":"01/30/2015",
    "Refunds_to_Individuals":0,
    "Refunds_to_Committees":"0"
  },
  {
    "Candidate_Identification":"S4NE00165",
    "Candidate_Name":"BUHRDORF, DANIEL JOHN",
    "Incumbent_Challenger_Status":"O",
    "Party_Code":3,
    "Party_Affiliation":"OTH",
    "Total_Receipts":5675,
    "Transfers_from_Authorized_Committees":"0",
    "Total_Disbursements":5425,
    "Transfers_to_Authorized_Committees":0,
    "Beginning_Cash":0,
    "Ending_Cash":249,
    "Contributions_from_Candidate":3205,
    "Loans_from_Candidate":0,
    "Other_Loans":"0",
    "Candidate_Loan_Repayments":0,
    "Other_Loan_Repayments":0,
    "Debts_Owed_By":0,
    "Total_Individual_Contributions":5675,
    "Candidate_State":"NE",
    "Candidate_District":0,
    "Contributions_from_Other_Political_Committees":"0",
    "Contributions_from_Party_Committees":0,
    "Coverage_End_Date":"10/15/2015",
    "Refunds_to_Individuals":0,
    "Refunds_to_Committees":"0"
  }
]
