{"properties": [
  {
    "name": "spring.resources.cache.cachecontrol.cache-private",
    "type": "java.lang.String",
    "description": "A description for 'spring.resources.cache.cachecontrol.cache-private'"
  },
  {
    "name": "spring.resources.cache.cachecontrol.cache-public",
    "type": "java.lang.String",
    "description": "A description for 'spring.resources.cache.cachecontrol.cache-public'"
  },
  {
    "name": "spring.resources.cache.cachecontrol.max-age",
    "type": "java.lang.String",
    "description": "A description for 'spring.resources.cache.cachecontrol.max-age'"
  },
  {
    "name": "spring.resources.cache.cachecontrol.must-revalidate",
    "type": "java.lang.String",
    "description": "A description for 'spring.resources.cache.cachecontrol.must-revalidate'"
  },
  {
    "name": "spring.resources.cache.cachecontrol.must-revalidate",
    "type": "java.lang.String",
    "description": "A description for 'spring.resources.cache.cachecontrol.must-revalidate'"
  },
  {
    "name": "spring.resources.cache.cachecontrol.no-cache",
    "type": "java.lang.String",
    "description": "A description for 'spring.resources.cache.cachecontrol.no-cache'"
  },
  {
    "name": "spring.resources.cache.cachecontrol.no-store",
    "type": "java.lang.String",
    "description": "A description for 'spring.resources.cache.cachecontrol.no-store'"
  },
  {
    "name": "spring.resources.cache.cachecontrol.no-transform",
    "type": "java.lang.String",
    "description": "A description for 'spring.resources.cache.cachecontrol.no-transform'"
  },
  {
    "name": "spring.resources.cache.cachecontrol.proxy-revalidate",
    "type": "java.lang.String",
    "description": "A description for 'spring.resources.cache.cachecontrol.proxy-revalidate'"
  },
  {
    "name": "spring.resources.cache.cachecontrol.s-max-age",
    "type": "java.lang.String",
    "description": "A description for 'spring.resources.cache.cachecontrol.s-max-age'"
  },
  {
    "name": "spring.resources.cache.cachecontrol.stale-if-error",
    "type": "java.lang.String",
    "description": "A description for 'spring.resources.cache.cachecontrol.stale-if-error'"
  },
  {
    "name": "spring.resources.cache.cachecontrol.stale-while-revalidate",
    "type": "java.lang.String",
    "description": "A description for 'spring.resources.cache.cachecontrol.stale-while-revalidate'"
  },
  {
    "name": "spring.resources.cache.period",
    "type": "java.lang.String",
    "description": "A description for 'spring.resources.cache.period'"
  },
  {
    "name": "server.servlet.session.timeout",
    "type": "java.lang.String",
    "description": "A description for 'server.servlet.session.timeout'"
  },
  {
    "name": "spring.quartz.cron.expression",
    "type": "java.lang.String",
    "description": "A description for 'spring.quartz.cron.expression'"
  },
  {
    "name": "dashboard.time.interval",
    "type": "java.lang.String",
    "description": "A description for 'dashboard.time.interval'"
  },
  {
    "name": "jwt.header",
    "type": "java.lang.String",
    "description": "A description for 'jwt.header'"
  },
  {
    "name": "jwt.secret",
    "type": "java.lang.String",
    "description": "A description for 'jwt.secret'"
  },
  {
    "name": "ui.component.typeahead.limit",
    "type": "java.lang.String",
    "description": "A description for 'ui.component.typeahead.limit'"
  },
  {
    "name": "jasypt.encryptor.password",
    "type": "java.lang.String",
    "description": "A description for 'jasypt.encryptor.password'"
  }
]}