{
  //"extends": "../tslint.json",
  "extends": ["tslint:recommended", "tslint-config-prettier"],
  "rules": {
    "directive-selector": [
      true,
      "attribute",
      "ceft",
      "camelCase"
    ],
    "component-selector": [
      true,
      "element",
      "ceft",
      "kebab-case"
    ],
    "no-console": [
      true,
      "log",
      "info",
      "time",
      "timeEnd",
      "trace"
    ],
    "object-literal-sort-keys": false,
    "interface-name": [true, "never-prefix"],
    "no-unused-expression": [true, "allow-fast-null-checks"],
    "variable-name": [true, "ban-keywords", "check-format", "allow-leading-underscore"]
  }
}
