[{"key":"NULL",
   "values":[ {
       "key":"VM",
       "values":[ 
           {"key":"NonStandard",
           "values":[ 
               {"key":"NULL",
                    "values":[
                        {"key":" Coll Posted","value":12810}
                    ]
               }
               ,
                   {"key":"Non US Govt Bond  NStd",
               "values":[ 
                   {"key":" Coll Posted","value":4010}
             

                   ]}
           ]},
            {"key":"Standard",
           "values":[ 
               {"key":"NULL",
               "values":[ 
                   {"key":" Coll Posted","value":5009},
                   {"key": "Coll Received(Nonseg)","value":11842}

                   ]}
   ]}]}]},
    {"key":"Bank",
   "values":[{ 
       "key":"IM",
       "values":[ 
           {"key":"NonStandard",
           "values":[ 
               {"key":"CMO, Other US Agencies",
               "values":[ 
                   {"key":" Coll Posted","value":3856}, 
                   {"key": "Coll Received(Nonseg)","value":99}, 
                   {"key": "Net Collateral","value":3757},
                   {"key": "Coll Received(Seg)","value":1666},
                   {"key": "Total Margin","value":2091}
                   ]}
               ,
                   {"key":"Equities",
               "values":[ 
                   {"key":" Coll Posted","value":12}, 
                   {"key": "Coll Received(Nonseg)","value":0}, 
                   {"key": "Net Collateral","value":12},
                   {"key": "Coll Received(Seg)","value":1746},
                   {"key": "Total Margin","value":1734}
                   ]}
               ,
                   {"key":"Munis",
               "values":[ 
                   {"key":" Coll Posted","value":0}, 
                   {"key": "Coll Received(Nonseg)","value":0}, 
                   {"key": "Net Collateral","value":0},
                   {"key": "Coll Received(Seg)","value":52},
                   {"key": "Total Margin","value":52}
                   ]}
               ,
                   {"key":"Non US Corp Bond",
               "values":[ 
                   {"key":" Coll Posted","value":4796}, 
                   {"key": "Coll Received(Nonseg)","value":0}, 
                   {"key": "Net Collateral","value":4796},
                   {"key": "Coll Received(Seg)","value":4243},
                   {"key": "Total Margin","value":553}
                   ]}
               ,
                   {"key":"Non US Govt Bond  NStd",
               "values":[ 
                   {"key":" Coll Posted","value":8562}, 
                   {"key": "Coll Received(Nonseg)","value":0}, 
                   {"key": "Net Collateral","value":8562},
                   {"key": "Coll Received(Seg)","value":17408},
                   {"key": "Total Margin","value":8846}
                   ]}
               ,
                   {"key":"Unknown",
               "values":[ 
                   {"key":" Coll Posted","value":311}, 
                   {"key": "Coll Received(Nonseg)","value":0}, 
                   {"key": "Net Collateral","value":311},
                   {"key": "Coll Received(Seg)","value":3686},
                   {"key": "Total Margin","value":3375}
                   ]}
               ,
                   {"key":"US Corp Bond",
               "values":[ 
                   {"key":" Coll Posted","value":0}, 
                   {"key": "Coll Received(Nonseg)","value":0}, 
                   {"key": "Net Collateral","value":0},
                   {"key": "Coll Received(Seg)","value":-5147},
                   {"key": "Total Margin","value":-5147}
                   ]}
           ]},
            {"key":"Standard",
           "values":[ 
               {"key":"NULL",
               "values":[ 
                   {"key":" Coll Posted","value":40827}, 
                   {"key": "Coll Received(Nonseg)","value":71923}, 
                   {"key": "Net Collateral","value":31096},
                   {"key": "Coll Received(Seg)","value":49244},
                   {"key": "Total Margin","value":80340}
                   ]}
               ,
                   {"key":"Non US Govt Bond  Std",
               "values":[ 
                   {"key":" Coll Posted","value":5360}, 
                   {"key": "Coll Received(Nonseg)","value":435}, 
                   {"key": "Net Collateral","value":4925},
                   {"key": "Coll Received(Seg)","value":8489},
                   {"key": "Total Margin","value":3564}
                   ]}
               ,
                   {"key":"US Agency",
               "values":[ 
                   {"key":" Coll Posted","value":0}, 
                   {"key": "Coll Received(Nonseg)","value":0}, 
                   {"key": "Net Collateral","value":0},
                   {"key": "Coll Received(Seg)","value":1},
                   {"key": "Total Margin","value":1}
                   ]}
               ,
                   {"key":"US Govt Bond",
               "values":[ 
                   {"key":" Coll Posted","value":364}, 
                   {"key": "Coll Received(Nonseg)","value":1397}, 
                   {"key": "Net Collateral","value":1033},
                   {"key": "Coll Received(Seg)","value":110150},
                   {"key": "Total Margin","value":111183}
                   ]}
           ]}]
        },
     {"key":"VM",
       "values":[ 

            {"key":"NonStandard",
           "values":[ 
               {"key":"CMO, Other US Agencies",
               "values":[ 
               
                   {"key": "Coll Received(Nonseg)","value":-15289}
                   ]}
               
            
           ]},
            {"key":"Standard",
            "value":1000}]}]},
    {"key":"BrokerDealer",
   "values":[{ 
       "key":"IM",
       "values":[ 
           {"key":"NonStandard",
           "values":[ 
               {"key":"CMO, Other US Agencies",
               "values":[ 
                   {"key":" Coll Posted","value":393}, 
                   {"key": "Coll Received(Nonseg)","value":0}, 
                   {"key": "Net Collateral","value":393},
                   {"key": "Coll Received(Seg)","value":987},
                   {"key": "Total Margin","value":594}
                   ]}
               ,
                   {"key":"Equities",
               "values":[ 
                   {"key":" Coll Posted","value":15}, 
                   {"key": "Coll Received(Nonseg)","value":0}, 
                   {"key": "Net Collateral","value":15},
                   {"key": "Coll Received(Seg)","value":0},
                   {"key": "Total Margin","value":15}
                   ]}
               ,
                   {"key":"Non US Corp Bond",
               "values":[ 
                   {"key":" Coll Posted","value":1362}, 
                   {"key": "Coll Received(Nonseg)","value":0}, 
                   {"key": "Net Collateral","value":1362},
                   {"key": "Coll Received(Seg)","value":373},
                   {"key": "Total Margin","value":989}
                   ]}
               ,
                   {"key":"Non US Govt Bond  NStd",
               "values":[ 
                   {"key":" Coll Posted","value":9}, 
                   {"key": "Coll Received(Nonseg)","value":401}, 
                   {"key": "Net Collateral","value":392},
                   {"key": "Coll Received(Seg)","value":6548},
                   {"key": "Total Margin","value":6940}
                   ]}
               ,
                   {"key":"Unknown",
               "values":[ 
                   {"key":" Coll Posted","value":127}, 
                   {"key": "Coll Received(Nonseg)","value":0}, 
                   {"key": "Net Collateral","value":127},
                   {"key": "Coll Received(Seg)","value":1921},
                   {"key": "Total Margin","value":1794}
                   ]}
               ,
                   {"key":"US Corp Bond",
               "values":[ 
                   {"key":" Coll Posted","value":6}, 
                   {"key": "Coll Received(Nonseg)","value":0}, 
                   {"key": "Net Collateral","value":6},
                   {"key": "Coll Received(Seg)","value":0},
                   {"key": "Total Margin","value":6}
                   ]}
           ]},
            {"key":"Standard",
           "values":[ 
               {"key":"NULL",
               "values":[ 
                   {"key":" Coll Posted","value":14772}, 
                   {"key": "Coll Received(Nonseg)","value":39182}, 
                   {"key": "Net Collateral","value":24410},
                   {"key": "Coll Received(Seg)","value":2415},
                   {"key": "Total Margin","value":26825}
                   ]}
               ,
                   {"key":"Non US Govt Bond  Std",
               "values":[ 
                   {"key":" Coll Posted","value":1240}, 
                   {"key": "Coll Received(Nonseg)","value":333}, 
                   {"key": "Net Collateral","value":907},
                   {"key": "Coll Received(Seg)","value":16078},
                   {"key": "Total Margin","value":15171}
                   ]}
               ,
                   {"key":"US Agency",
               "values":[ 
                   {"key":" Coll Posted","value":8}, 
                   {"key": "Coll Received(Nonseg)","value":0}, 
                   {"key": "Net Collateral","value":8},
                   {"key": "Coll Received(Seg)","value":0},
                   {"key": "Total Margin","value":8}
                   ]}
               ,
                   {"key":"US Govt Bond",
               "values":[ 
                   {"key":" Coll Posted","value":9598}, 
                   {"key": "Coll Received(Nonseg)","value":62}, 
                   {"key": "Net Collateral","value":9536},
                   {"key": "Coll Received(Seg)","value":14453},
                   {"key": "Total Margin","value":4917}
                   ]}
           ]}]
        },
     {"key":"VM",
       "values":[ 
           {"key":"Standard",
           "values":[ 
           ]},
            {"key":"NonStandard",
           "values":[ 
               {"key":"CMO, Other US Agencies",
               "values":[ 
                   {"key":" Coll Posted","value":0}, 
                   {"key": "Coll Received(Nonseg)","value":74}, 
                   {"key": "Net Collateral","value":74},
                   {"key": "Coll Received(Seg)","value":0},
                   {"key": "Total Margin","value":74}
                   ]}
               ,
                   {"key":"Non US Corp Bond",
               "values":[ 
                   {"key":" Coll Posted","value":2254}, 
                   {"key": "Coll Received(Nonseg)","value":5185}, 
                   {"key": "Net Collateral","value":2931},
                   {"key": "Coll Received(Seg)","value":0},
                   {"key": "Total Margin","value":2931}
                   ]}
               ,
                   {"key":"Non US Govt Bond  NStd",
               "values":[ 
                   {"key":" Coll Posted","value":789}, 
                   {"key": "Coll Received(Nonseg)","value":1437}, 
                   {"key": "Net Collateral","value":648},
                   {"key": "Coll Received(Seg)","value":36},
                   {"key": "Total Margin","value":684}
                   ]}
               ,
                   {"key":"US Corp Bond",
               "values":[ 
                   {"key":" Coll Posted","value":18}, 
                   {"key": "Coll Received(Nonseg)","value":214}, 
                   {"key": "Net Collateral","value":196},
                   {"key": "Coll Received(Seg)","value":3},
                   {"key": "Total Margin","value":199}
                   ]}
           ]},
            {"key":"Standard",
           "values":[ 
               {"key":"NULL",
               "values":[ 
                   {"key":" Coll Posted","value":19703}, 
                   {"key": "Coll Received(Nonseg)","value":221760}, 
                   {"key": "Net Collateral","value":202057},
                   {"key": "Coll Received(Seg)","value":307},
                   {"key": "Total Margin","value":202364}
                   ]}
               ,
                   {"key":"Non US Govt Bond  Std",
               "values":[ 
                   {"key":" Coll Posted","value":66691}, 
                   {"key": "Coll Received(Nonseg)","value":72437}, 
                   {"key": "Net Collateral","value":5746},
                   {"key": "Coll Received(Seg)","value":590},
                   {"key": "Total Margin","value":6336}
                   ]}
               ,
                   {"key":"US Agency",
               "values":[ 
                   {"key":" Coll Posted","value":0}, 
                   {"key": "Coll Received(Nonseg)","value":22}, 
                   {"key": "Net Collateral","value":22},
                   {"key": "Coll Received(Seg)","value":0},
                   {"key": "Total Margin","value":22}
                   ]}
               ,
                   {"key":"US Govt Bond",
               "values":[ 
                   {"key":" Coll Posted","value":1545}, 
                   {"key": "Coll Received(Nonseg)","value":2594}, 
                   {"key": "Net Collateral","value":1049},
                   {"key": "Coll Received(Seg)","value":225},
                   {"key": "Total Margin","value":1274}
                   ]}
   ]}]}]},
    {"key":"Non Bank",
   "values":[{ 
       "key":"VM",
       "values":[ 
           {"key":"NonStandard",
           "values":[ 
           ]},
            {"key":"Standard",
           "values":[ 
               {"key":"NULL",
               "values":[ 
                   {"key":" Coll Posted","value":15248}, 
                   {"key": "Coll Received(Nonseg)","value":13043}, 
                   {"key": "Net Collateral","value":2205},
                   {"key": "Coll Received(Seg)","value":0},
                   {"key": "Total Margin","value":2205}
                   ]}
   ]}]}]}]