cob_date,chain,margintype,liquiditytype,collateraltype,Coll_Posted,Coll_Received_Non_Seg,Net_Collateral,Coll_Received_Seg,Total_Margin
9/29/2017,NULL,VM,NonStandard,NULL,0,54,54,0,54
9/29/2017,NULL,VM,NonStandard,Non US Govt Bond - NStd,0,0,0,82,82
9/29/2017,NULL,VM,Standard,NULL,-20979,51699,30720,0,30720
9/29/2017,Bank,IM,NonStandard,NULL,-1472,1440,-32,0,-32
9/29/2017,Bank,IM,NonStandard,"CMO, Other US Agencies",-3856,99,-3757,1666,-2091
9/29/2017,Bank,IM,NonStandard,Equities,-12,0,-12,1746,1734
9/29/2017,Bank,IM,NonStandard,Munis,0,0,0,52,52
9/29/2017,Bank,IM,NonStandard,Non US Corp Bond,-4796,0,-4796,4243,-553
9/29/2017,Bank,IM,NonStandard,Non US Govt Bond - NStd,-8562,0,-8562,17408,8846
9/29/2017,Bank,IM,NonStandard,Unknown,-311,0,-311,3686,3375
9/29/2017,Bank,IM,NonStandard,US Corp Bond,0,0,0,5147,5147
9/29/2017,Bank,IM,Standard,NULL,-40827,71923,31096,49244,80340
9/29/2017,Bank,IM,Standard,Non US Govt Bond - Std,-5360,435,-4925,8489,3564
9/29/2017,Bank,IM,Standard,US Agency,0,0,0,1,1
9/29/2017,Bank,IM,Standard,US Govt Bond,-364,1397,1033,110150,111183
9/29/2017,Bank,VM,NonStandard,NULL,-21438,21111,-327,4,-323
9/29/2017,Bank,VM,NonStandard,"CMO, Other US Agencies",-616,15289,14673,0,14673
9/29/2017,Bank,VM,NonStandard,Equities,0,0,0,151,151
9/29/2017,Bank,VM,NonStandard,Munis,0,0,0,226,226
9/29/2017,Bank,VM,NonStandard,Non US Corp Bond,-11388,3697,-7691,18,-7673
9/29/2017,Bank,VM,NonStandard,Non US Govt Bond - NStd,-2,26947,26945,215,27160
9/29/2017,Bank,VM,NonStandard,Unknown,-2,2304,2302,33,2335
9/29/2017,Bank,VM,NonStandard,US Corp Bond,-151,1393,1242,0,1242
9/29/2017,Bank,VM,Standard,NULL,-428425,372807,-55618,15396,-40222
9/29/2017,Bank,VM,Standard,Non US Govt Bond - Std,-9877,11462,1585,406,1991
9/29/2017,Bank,VM,Standard,US Agency,-2,1878,1876,0,1876
9/29/2017,Bank,VM,Standard,US Govt Bond,-10261,18895,8634,11375,20009
9/29/2017,Broker-Dealer,IM,NonStandard,NULL,-3,3135,3132,457,3589
9/29/2017,Broker-Dealer,IM,NonStandard,"CMO, Other US Agencies",-393,0,-393,987,594
9/29/2017,Broker-Dealer,IM,NonStandard,Equities,-15,0,-15,0,-15
9/29/2017,Broker-Dealer,IM,NonStandard,Non US Corp Bond,-1362,0,-1362,373,-989
9/29/2017,Broker-Dealer,IM,NonStandard,Non US Govt Bond - NStd,-9,401,392,6548,6940
9/29/2017,Broker-Dealer,IM,NonStandard,Unknown,-127,0,-127,1921,1794
9/29/2017,Broker-Dealer,IM,NonStandard,US Corp Bond,-6,0,-6,0,-6
9/29/2017,Broker-Dealer,IM,Standard,NULL,-14772,39182,24410,2415,26825
9/29/2017,Broker-Dealer,IM,Standard,Non US Govt Bond - Std,-1240,333,-907,16078,15171
9/29/2017,Broker-Dealer,IM,Standard,US Agency,-8,0,-8,0,-8
9/29/2017,Broker-Dealer,IM,Standard,US Govt Bond,-9598,62,-9536,14453,4917
9/29/2017,Broker-Dealer,VM,NonStandard,NULL,-4004,9430,5426,1,5427
9/29/2017,Broker-Dealer,VM,NonStandard,"CMO, Other US Agencies",0,74,74,0,74
9/29/2017,Broker-Dealer,VM,NonStandard,Non US Corp Bond,-2254,5185,2931,0,2931
9/29/2017,Broker-Dealer,VM,NonStandard,Non US Govt Bond - NStd,-789,1437,648,36,684
9/29/2017,Broker-Dealer,VM,NonStandard,US Corp Bond,-18,214,196,3,199
9/29/2017,Broker-Dealer,VM,Standard,NULL,-19703,221760,202057,307,202364
9/29/2017,Broker-Dealer,VM,Standard,Non US Govt Bond - Std,-66691,72437,5746,590,6336
9/29/2017,Broker-Dealer,VM,Standard,US Agency,0,22,22,0,22
9/29/2017,Broker-Dealer,VM,Standard,US Govt Bond,-1545,2594,1049,225,1274
9/29/2017,Non Bank,VM,NonStandard,NULL,-5739,0,-5739,0,-5739
9/29/2017,Non Bank,VM,Standard,NULL,-15248,13043,-2205,0,-2205
