[
  {"id": 1,  "rate": 0.187, "state": "AL"},
  {"id": 2,  "rate": 0.198, "state": "AK"},
  {"id": 4,  "rate": 0.133, "state": "AZ"},
  {"id": 5,  "rate": 0.175, "state": "AR"},
  {"id": 6,  "rate": 0.151, "state": "CA"},
  {"id": 8,  "rate": 0.100, "state": "CO"},
  {"id": 9,  "rate": 0.125, "state": "CT"},
  {"id": 10, "rate": 0.171, "state": "DE"},
  {"id": 12, "rate": 0.172, "state": "FL"},
  {"id": 13, "rate": 0.133, "state": "GA"},
  {"id": 15, "rate": 0.108, "state": "HI"},
  {"id": 16, "rate": 0.142, "state": "ID"},
  {"id": 17, "rate": 0.167, "state": "IL"},
  {"id": 18, "rate": 0.201, "state": "IN"},
  {"id": 19, "rate": 0.175, "state": "IA"},
  {"id": 20, "rate": 0.159, "state": "KS"},
  {"id": 21, "rate": 0.169, "state": "KY"},
  {"id": 22, "rate": 0.177, "state": "LA"},
  {"id": 23, "rate": 0.141, "state": "ME"},
  {"id": 24, "rate": 0.163, "state": "MD"},
  {"id": 25, "rate": 0.117, "state": "MA"},
  {"id": 26, "rate": 0.182, "state": "MI"},
  {"id": 27, "rate": 0.153, "state": "MN"},
  {"id": 28, "rate": 0.195, "state": "MS"},
  {"id": 29, "rate": 0.189, "state": "MO"},
  {"id": 30, "rate": 0.134, "state": "MT"},
  {"id": 31, "rate": 0.163, "state": "NE"},
  {"id": 32, "rate": 0.133, "state": "NV"},
  {"id": 33, "rate": 0.151, "state": "NH"},
  {"id": 34, "rate": 0.145, "state": "NJ"},
  {"id": 35, "rate": 0.130, "state": "NM"},
  {"id": 36, "rate": 0.139, "state": "NY"},
  {"id": 37, "rate": 0.169, "state": "NC"},
  {"id": 38, "rate": 0.164, "state": "ND"},
  {"id": 39, "rate": 0.175, "state": "OH"},
  {"id": 40, "rate": 0.135, "state": "OK"},
  {"id": 41, "rate": 0.152, "state": "OR"},
  {"id": 42, "rate": 0.169, "state": "PA"},
  {"id": 44, "rate": 0.132, "state": "RI"},
  {"id": 45, "rate": 0.167, "state": "SC"},
  {"id": 46, "rate": 0.139, "state": "SD"},
  {"id": 47, "rate": 0.184, "state": "TN"},
  {"id": 48, "rate": 0.159, "state": "TX"},
  {"id": 49, "rate": 0.140, "state": "UT"},
  {"id": 50, "rate": 0.146, "state": "VT"},
  {"id": 51, "rate": 0.157, "state": "VA"},
  {"id": 53, "rate": 0.139, "state": "WA"},
  {"id": 54, "rate": 0.183, "state": "WV"},
  {"id": 55, "rate": 0.160, "state": "WI"},
  {"id": 56, "rate": 0.143, "state": "WY"}
]