Review,
CZ_GOVT_CZK, 
US_FNMA_MBS, 
AE_GOVT_USD, 
US_FNMA_DEBT, 
LOC_USD,
SNAT_CORP_JPY ,
DE_CORP_USD,
SNAT_CORP_IDR,
HK_EQUITY_HKD, 
KY_CORP_GBP,
NON_US_GOVT_JP,
US_EQUITY,
NL_EQUITY_EUR,
MRNCCD_ECB_GOVT,
IM_GOVT_GBP, 
NON_US_GOVT_ZA,
MX_CORP_EUR, 
MRNCCD_EU_ISSUER_ALL,
NON_US_GOVT_FR,
SGD_CASH, 
NL_GOVT_EUR,
US_GNMA_CMO,
IE_GOVT_EUR, 
NON_US_CORP_LU,
SNAT_CORP_EUR,
SNAT_CORP_CHF,
DE_CORP_GBP, 
NL_CORP_GBP, 
CO_CORP_USD,
ES_EQUITY_EUR,
JE_CORP_GBP, 
ID_CORP_USD,
SNAT_CORP_GBP,
NON_US_GOVT_AU,
US_TIPS,
SNAT_CORP_USD,
DE_CORP_TRY,
NON_US_COMM_PAPER_USD,
US_MBS_USD,
ES_CORP_EUR,
BlackRock Global Securities,
NON_US_CORP_FR,
SNAT_CORP_BRL,
IT_GOVT_USD, 
JP_GOVT_JPY, 
NON_US_CORP_NL,
AT_CORP_EUR, 
NON_US_GOVT_GB, 
UST_STRIPS, 
SNAT_CORP_INR, 
NON_US_REGIONAL_AUTH_CA,
US_GOVT_USD, 
BE_GOVT_EUR, 
NL_CORP_EUR,
CA_GOVT_CAD,
SNAT_CORP_MXN, 
JP_CORP_GBP, 
CN_CORP_USD,
SNAT_CORP_TRY,
NON_US_CORP_DE,
AE_CORP_USD, 
GBP_CASH, 
GB_CORP_EUR, 
IL_GOVT_USD, 
FR_EQUITY_EUR, 
AUD_CASH, 
PLN_CASH, 
UST_BONDS, 
US_EQUITY_USD, 
ZAR_CASH, 
QA_CORP_USD, 
SG_GOVT_SGD, 
NON_US_GOVT_FI, 
SK_GOVT_EUR, 
MYR_CASH, 
DE_CORP_ZAR, 
AU_GOVT_AUD,
FR_CORP_USD, 
LOC_JPY,
PT_GOVT_EUR, 
US_MUNI, 
BE_CORP_EUR, 
AT_GOVT_EUR, 
EU_CORP_USD,
NZD_CASH,
NON_US_CORP_GB,
NON_US_CORP_IE, 
US_GOVT_GBP, 
GB_CORP_GBP, 
SE_GOVT_EUR, 
US_CORP, 
NL_CORP_USD, 
NON_US_GOVT_NL, 
EU_CORP_EURO, 
IT_CORP_EUR, 
US_FHLMC_CMO, 
NON_US_BOT_IT, 
JP_CORP_EUR, 
DK_GOVT_DKK, 
SNAT_GOVT_BRL,
NON_US_GOVT_IT,
SNAT_CORP_AUD,
MRNCCD_US_RULES_WWR,
THB_CASH, 
ES_GOVT_EUR, 
INR_CASH,
Citi_Internal_US_Equity_Basket,
LOC_EUR,
KW_GOVT_USD,
JP_GOVT_USD, 
FI_GOVT_USD,
CAD_CASH, 
UST_NOTES,
DE_CORP_EUR, 
DE_GOVT_EUR, 
EU_CORP_GBP, 
EUR_CASH, 
IT_CORP_GBP,
US_FHLMC_MBS, 
G_10_CORP(USD), 
GB_GOVT_GBP, 
NOK_CASH, 
SNAT_GOVT_ZAR,
FR_CORP_GBP, 
RU_GOVT_USD,
VG_CORP_USD,
AU_CORP_USD,
CA_GOVT_JPY, 
SNAT_CORP_RUB,
SNAT_CORP_ZAR,
KRW_CASH, 
HK_CORP_USD, 
DKK_CASH, 
NON_US_GOVT_DE,
HU_GOVT_HUF, 
DE_CORP_NOK, 
CH_EQUITY_CHF,
DE_EQUITY_EUR, 
MXN_CASH, 
PL_GOVT_PLN, 
NO_GOVT_INR,
SNAT_CORP_CZK, 
US_CORP_EUR, 
UST_BILLS, 
AB_CORP_BONDS,
FR_GOVT_EUR, 
SI_GOVT_USD, 
HKD_CASH, 
NO_GOVT_ZAR, 
US_ABS, 
TR_CORP_USD, 
EU_GOVT, 
KY_CORP_USD, 
IRC_COMMERCIAL_PAPER, 
NON_US_GOVT_SG, 
US_CORP_USD, 
JPY_CASH, 
US_FHLB_DEBT,
IL_CORP_USD, 
US_CMO_USD,
FI_GOVT_EUR, 
DE_CORP_BRL,
ES_GOVT_GBP,
NON_US_TBILL_CA,
IT_GOVT_EUR,
NON_US_TBILLS_FR,
NON_US_GOVT_CA,
CZK_CASH, 
CH_CORP_USD, 
BRTISH_COLUMBIA_T_BILL, 
IT_EQUITY_EUR, 
NON_US_CORP_FMS, 
SA_GOVT_USD, 
US_GNMA_MBS, 
SEK_CASH, 
US_EQUITY_TRUST 
CHF_CASH,
PH_GOVT_USD, 
NON_US_GOVT_SE_US,
NON_US_MBS_KR, 
HUF_CASH, 
LU_CORP_EUR, 
LU_GOVT_EUR, 
NON_US_GOVT_KR,
NON_US_TBILL_BE, 