Review,
BANKHLY,
BMX140,
BMX170,
BMX210,
BMX610,
BRLAIB,
BRNA,
BRSA,
CACFCI,
CARMSOM,
CAS,
CASPRA,
CASROM,
CASSLO,
CBCBAH,
CBNA,
CBNACA,
CBNACAN,
CBNANY,
CBNASB,
CBNTN,
CBPUERTO,
CBSCR,
CBZL,
CCACSL,
CCAGMFL,
CCAMCOMF,
CCBCSHB,
CCCITC,
CCCMA,
CCEMSO,
CCEPAL,
CCEVDR,
CCLLC,
CCNSH,
CCORPBD,
CCRLLC,
CCSPM,
CDMI,
CECOFL,
CECU,
CEI,
CEP,
CFPI,
CFXI,
CGFI,
CGMACC,
CGMAG-F,
CGMAG-T,
CGMAL,
CGMAPL,
CGMCC,
CGMCI,
CGMD,
CGMFL,
CGMHI,
CGMHKL,
CGMI,
CGMIPL,
CGMJ,
CGMKL,
CGML,
CGMLX,
CGMML,
CGMRC,
CGMSA,
CGMSG,
CGMUKE,
CGRB,
CGSMPLLC,
CIGERMANY,
CIP,
CIPLDN,
CIPMIL,
CIPOSL,
CIPPORT,
CITFINSVS,
CITFUNDINC,
CITGRPINC,
CITIAGFFT,
CITIBKAMS,
CITIBKATH,
CITIBKAUS,
CITIBKBAH,
CITIBKBER,
CITIBKBKK,
CITIBKBRA,
CITIBKBRU,
CITIBKBUC,
CITIBKBUD,
CITIBKCOL,
CITIBKDUB,
CITIBKFFT,
CITIBKHKG,
CITIBKIBS,
CITIBKJER,
CITIBKJOH,
CITIBKKLR,
CITIBKLDN,
CITIBKLIS,
CITIBKMAD,
CITIBKMAG,
CITIBKMIL,
CITIBKNIG,
CITIBKPAR,
CITIBKPER,
CITIBKPRA,
CITIBKSGL,
CITIBKSGP,
CITIBKSYD,
CITIBKTEL,
CITIBKVNM,
CITIBKZK,
CITICHGCIB,
CITICKI,
CITICMURU,
CITIESPMAD,
CITIHKPBG,
CITIINCI,
CITIMACIB,
CITIMRTG,
CITIPBGJER,
CITIPHIB,
CITISGPBG,
CITITHCIB,
CITIZAO,
CITOKYO,
CITSEOUL,
CITSWITZUR,
CMSCHO,
CNAI,
CNAMNL,
CNANAS,
CNART,
CNASAF,
CNATOR,
COIBH,
COIC,
CREF,
CSAG,
CSAMAD,
CSAWAR,
CSAZUR,
CSSI,
CTCL,
CTLACIB,
CUSAE,
DSLTD,
FRAC,
GOVCO,
HOLDCO,
IIB,
INCFIL,
LAIB,
LAIB9L,
MMHI,
MOFCAL,
MOFN,
MOFNY,
MOFTHREE,
MOFTWO,
MSTAGMLK,
NIAHOLLC,
PBGCEP,
RENWS,
SBCHC,
SBCPI
SBEL,
SBOI,
SGCIBSL,
SGNA497,
SIFAG,
SwapCo,
TOBC,
TOBCOM,
TWBKDBU,
TWBKOBU,
TWLTDDBU,
TWLTDOBU,