    {
      "fieldName": "collateral_type_name",
      "nodeName": "vw_ceft_dim_collateral_rule",
      "componentType": "MULTI_INCLUDE_EXCLUDE",
      "dataType": "string",
      "logicalGroupName": "MAC Attributes",
      "name": "Collateral Type Name",
      "schemaName": "dz",
      "nodeDisplayName": "Collateral Rule",
      "distinctRequired": 1,
      "key": 52,
      "whoHasFlag": 0,
      "filterOnlyFlag": 0,
      "filtered": true,
      "value": {
        "valueList": [
          {
            "operation": "or",
            "value": [{ "key": 1927327, "value": "US_CORP", "selected": true }],
            "butNotValue": [
              { "key": 1927350, "value": "US_MUNI", "selected": true }
            ]
          }
        ]
      }
    },
    {
      "fieldName": "legal_entity",
      "nodeName": "current_posting",
      "componentType": "DROPDOWN",
      "dataType": "String",
      "logicalGroupName": "Current Posting",
      "name": "Party Legal Entity",
      "schemaName": "dz",
      "nodeDisplayName": "Current Posting",
      "distinctRequired": 1,
      "key": 5005,
      "whoHasFlag": 1,
      "filterOnlyFlag": 1,
      "filtered": true,
      "value": [{ "key": 3803442, "value": "CGMI", "selected": true }]
    },
    {
      "fieldName": "collateral_type_name",
      "nodeName": "vw_ceft_dim_collateral_rule",
      "componentType": "MULTI_INCLUDE_EXCLUDE",
      "dataType": "string",
      "logicalGroupName": "MAC Attributes",
      "name": "Collateral Type Name",
      "schemaName": "dz",
      "nodeDisplayName": "Collateral Rule",
      "distinctRequired": 1,
      "key": 52,
      "whoHasFlag": 1,
      "filterOnlyFlag": 0,
      "filtered": true,
      "value": {
        "valueList": [
          {
            "operation": "or",
            "butNotValue": [
              { "key": 1927327, "value": "US_CORP", "selected": true }
            ]
          }
        ]
      }
    }
