<?xml version="1.0" encoding="UTF-8"?>
<beans xmlns="http://www.springframework.org/schema/beans"
	xmlns:xsi="http://www.w3.org/2001/XMLSchema-instance" 
	xmlns:context="http://www.springframework.org/schema/context"
	xsi:schemaLocation="http://www.springframework.org/schema/beans http://www.springframework.org/schema/beans/spring-beans-2.5.xsd
    http://www.springframework.org/schema/context http://www.springframework.org/schema/context/spring-context-2.5.xsd">
	
	<context:component-scan base-package="com.citi.services.client.cues.*"/>
	
	<bean id="dataSource" class="org.springframework.jdbc.datasource.DriverManagerDataSource">
		<property name="driverClassName" value="com.microsoft.sqlserver.jdbc.SQLServerDriver" />
		<property name="url" value="${db.url}" />
		<property name="username" value="${db.username}" />
		<property name="password" value="${db.password}" />
	</bean>

	<bean id="jdbcTemplate" class="org.springframework.jdbc.core.JdbcTemplate">
        <constructor-arg type="javax.sql.DataSource" ref="dataSource"/>
    </bean>
    
	<bean id="encryptorConfig" class="org.jasypt.encryption.pbe.config.EnvironmentStringPBEConfig">
	    <property name="algorithm" value="PBEWithMD5AndDES" />
	    <property name="passwordEnvName" value="APP_ENCRYPTION_PASSWORD" />
	</bean>
	 
	<bean id="encryptor" class="org.jasypt.encryption.pbe.StandardPBEStringEncryptor">
	    <property name="config" ref="encryptorConfig" />
	</bean>
	
	<bean class="org.jasypt.spring31.properties.EncryptablePropertySourcesPlaceholderConfigurer">
	    <constructor-arg ref="encryptor" />
	    <property name="locations">
	        <list>
	            <value>file:${config_location}/cues_${app_env}.properties</value>
	        </list>
	    </property>
	    <property name="ignoreUnresolvablePlaceholders" value="true"/>
	</bean>
    
</beans>