<?xml version="1.0" encoding="UTF-8"?>
<beans xmlns="http://www.springframework.org/schema/beans"
	xmlns:xsi="http://www.w3.org/2001/XMLSchema-instance" 
	xmlns:context="http://www.springframework.org/schema/context"
	xsi:schemaLocation="http://www.springframework.org/schema/beans http://www.springframework.org/schema/beans/spring-beans-2.5.xsd
    http://www.springframework.org/schema/context http://www.springframework.org/schema/context/spring-context-2.5.xsd">
    
	<bean id="placeHolderConfigurer" class="com.citi.gpf.common.utils.config.NestedPlaceholderConfigurer">
		<property name="locations">
			<list>
				<value>file:${config_location}/cues_${app_env}.properties</value>	
			</list>
		</property>
		<property name="systemPropertiesModeName">
			<value>SYSTEM_PROPERTIES_MODE_OVERRIDE</value>
		</property>
	</bean>
	
	<bean id="hessianEntService" class="com.citi.gpf.common.ent.client.HessianEntService">
		<property name="entHessianUrl" value="${ent.remote.service.url}" />
	</bean>

</beans>