<assembly xmlns="http://maven.apache.org/plugins/maven-assembly-plugin/assembly/1.1.2"
          xmlns:xsi="http://www.w3.org/2001/XMLSchema-instance"
          xsi:schemaLocation="http://maven.apache.org/plugins/maven-assembly-plugin/assembly/1.1.2 http://maven.apache.org/xsd/assembly-1.1.2.xsd">
    <formats>
        <format>zip</format>
    </formats>
    <includeBaseDirectory>false</includeBaseDirectory>
    <fileSets>
        <fileSet>
            <directory>${project.build.directory}</directory>
            <outputDirectory>/TargetBalance</outputDirectory>
            <includes>
                <include>*.jar</include>
            </includes>
            <excludes>
            	<exclude>original*.jar</exclude>
            	<exclude>Target_Balance-1.0-shaded.jar</exclude>
            </excludes>
        </fileSet>
        <fileSet>
            <directory>${project.build.directory}/Config</directory>
            <outputDirectory>/TargetBalance/Config</outputDirectory>
        </fileSet>
<!--    <fileSet>
            <directory>${project.build.directory}/lib</directory>
            <outputDirectory>/TargetBalance/lib</outputDirectory>
        </fileSet> -->
         <fileSet>
            <directory>${project.build.directory}/sql_auth</directory>
            <outputDirectory>/sql_auth</outputDirectory>
             <includes>
                <include>*.dll</include>
            </includes>
        </fileSet>
        <fileSet>
            <directory>${project.build.directory}/BAT</directory>
            <outputDirectory>/BAT</outputDirectory>
            <excludes>
            	<exclude>original*.jar</exclude>
            	<exclude>*Local.bat</exclude>
            </excludes>
        </fileSet>
    </fileSets>
</assembly>