<assembly xmlns="http://maven.apache.org/plugins/maven-assembly-plugin/assembly/1.1.2"
          xmlns:xsi="http://www.w3.org/2001/XMLSchema-instance"
          xsi:schemaLocation="http://maven.apache.org/plugins/maven-assembly-plugin/assembly/1.1.2 http://maven.apache.org/xsd/assembly-1.1.2.xsd">
   
    <formats>
        <format>zip</format>
    </formats>
    <includeBaseDirectory>false</includeBaseDirectory>
    <fileSets>
        <fileSet>
            <directory>${project.build.directory}</directory>
            <outputDirectory>/Datalend</outputDirectory>
            <includes>
                <include>*.jar</include>
            </includes>
            <excludes>
            	<exclude>original*.jar</exclude>
            	<exclude>*shaded.jar</exclude>
            </excludes>
        </fileSet>
        <fileSet>
            <directory>${project.basedir}/src/main/resources</directory>
            <outputDirectory>/Datalend/Config</outputDirectory>
            <includes>
                <include>*.properties</include>
            </includes>
            <excludes>
            	<exclude>*.bat</exclude>
            </excludes> 
        </fileSet>
        <fileSet>
            <directory>${project.basedir}/src/main/resources</directory>
            <outputDirectory>/BAT</outputDirectory>
            <includes>
                <include>LoadDatalendData.bat</include>
            </includes>
            <excludes>
            	<exclude>original*.jar</exclude>
            	<exclude>*Local.bat</exclude>
            	<exclude>*Local_gp.bat</exclude>
            	<exclude>*.properties</exclude>
            </excludes>            
        </fileSet>
    </fileSets>
</assembly>